city,country,latitude,longitude,guid
Juexi,China,29.471039,121.948692,9dd55497-a904-4dc9-ad15-bfbdcb08a8c0
Kabul,Afghanistan,34.5553494,69.207486,c6c0e702-92f7-43ba-8dbe-427109a3bada
Petroúpolis,Greece,38.0423558,23.6842658,a9b9c355-962b-400b-b22a-7c3da09a8859
Gandong,Indonesia,-7.3966297,111.5498112,ffcab404-57f9-4f84-a753-4b8e974806b0
Tayginka,Russia,55.6246827,60.5063547,2ae70b69-d9af-4679-b1a7-3b670461456f
José Bonifácio,Brazil,-21.0482479,-49.6879727,58e535b3-8dc1-4f36-aa71-95488632330f
Sandaohezi,China,44.335532,85.625121,c1106410-1515-4dd4-ad10-37016bd13010
Sui’an,China,24.115578,117.618772,910c6c2b-7154-4d2f-bf5b-bf16080dac6b
Kan,China,30.917766,113.957037,c008d07d-e0dc-4a84-8ef9-ac0fcf15f994
Xiaoshiqiao,China,25.403263,104.828238,0cbaeeab-cbfc-497d-b526-6464ef85f586
Böhöt,Mongolia,45.23223,108.28245,9eb1d407-57fe-499b-9de4-d9ec23a68e84
Pasirnangka,Indonesia,-6.5792655,106.2698669,8b26c7c4-8da7-449f-b47d-eda4dc604c1e
Saint-Herblain,France,47.221906,-1.605738,b07784e5-cdd6-43cb-b205-d9ab0086c9e5
Xiaoguan,China,36.977145,121.87093,8e81e5f7-ad44-4441-adb6-ac8e849f988b
Skien,Norway,59.2254827,9.5589227,257a2514-ab0f-4350-a169-9178dd86edfd
Pirojpur,Bangladesh,22.4217587,89.0445636,a6e11a1d-9d5b-4565-afa4-3f18ba28c6dc
Bayan Huxu,China,44.889488,117.470597,3c9f4858-bde8-4a9a-adf1-d7cac9fad3cd
Karlovy Vary,Czech Republic,50.2318521,12.8719616,00d8c6ec-bc30-4ff4-af7a-bb9208e87dc1
Ostrogozhsk,Russia,50.8548419,39.0632827,5a5b0358-2040-4ffe-ac50-96a6c80fa72c
Esfarāyen,Iran,37.0666772,57.496673,065baccc-d3b8-4b9a-b17b-3efc6bd97eb8
Energodar,Ukraine,47.5015067,34.6341859,08b5b9d3-643a-4e8f-b335-3f54a317a3c5
Liaoyang,China,41.267244,123.236944,3e76a90a-5537-4cd3-b83e-87c22fa00e14
Awar-awar,Indonesia,-7.76929,114.2241895,9407333b-806c-4c44-80f8-5800c5f7f7cb
Raojān,Bangladesh,22.5250447,91.9196949,77a12317-ae87-4b83-a1b4-a45cbe5f7d6f
Phu Kradueng,Thailand,16.9023422,101.7523854,97db09c9-c951-4cca-95c1-867c0fb5074e
San Luis,Colombia,4.0627144,-75.1285712,72b72fe4-a5e2-497b-afc8-7144ff89f26c
Kiloloran,Philippines,14.63571,121.60617,9663aec0-0ce1-4269-a19a-a6af9692fbd0
Songzhuang,China,39.964054,116.714967,c66fa6f8-da3e-4dca-bf00-ea64070d450d
Kobe,Japan,34.5465928,134.3028193,32caf151-c4f1-42d8-a8b5-8ceaa07c0f91
Manalu,Indonesia,2.1842278,98.577596,6f5a871d-e07f-411c-90e0-be5f855609de
Paripiranga,Brazil,-10.6670645,-37.9148742,97c8e8fa-b961-4240-8a7d-9b24ffebc1c5
Khairiahmandah,Indonesia,0.0090686,103.5089907,4cd34aa3-2919-491a-bf56-7e73bf822713
Borovoy,Russia,53.5325424,91.9206341,524a2b3b-4121-41b9-8e9d-a68d67bef24b
San Pedro Jocopilas,Guatemala,15.0952158,-91.1508967,3c5224a0-3943-4c86-a496-5e6463f8dc29
Barice,Bosnia and Herzegovina,43.8903154,18.4410798,c54af518-f596-4c0f-bf21-a68d095031f7
Guali,China,25.234479,110.179953,1155d6bf-5cae-48a7-a82b-439cedc7f09f
Irkutsk,Russia,52.2445931,104.2483085,e1ccc2b8-3fff-4c10-bdbd-ee953f4cb4b9
Rungis,France,48.7700185,2.3508225,75085ac3-8efb-495a-ba97-e36ef9f6593e
Shāhdādkot,Pakistan,27.9972231,67.9616412,e85925ff-d9a8-41d4-b381-38b3ed5087f9
Refojos de Riba de Ave,Portugal,41.2875744,-8.447078,c8d59b57-838d-4ab2-8a43-f27e23f8e0fa
Trostyanets’,Ukraine,50.4810642,34.9654363,0ef207ec-97fa-40e0-80ae-455ac545f0e5
Guayabal,Venezuela,8.0011905,-67.3950339,ab666efe-cb9c-4283-aa23-6b75f303a31a
Carvalhal,Portugal,40.4604941,-8.2950775,04e5e5f9-528a-4cce-b353-975322431930
Dubki,Russia,59.740619,28.4695971,8dc029d8-cc78-4900-9e7f-bcfe01b58719
Černilov,Czech Republic,50.2614977,15.9258038,34074398-a9b4-4e18-85a9-27a18a3c3348
Shanxi,China,37.2425649,111.8568586,f5b882ed-fe27-463a-b0ba-c06b66c52364
Ouani,Comoros,-12.1349328,44.4252603,2294682b-94c2-404e-8a56-a44b0e65a02e
Kostyantynivka,Ukraine,48.5239429,37.7075811,af02dd6d-6a46-43a7-a8bf-c0a63c58f802
Buenavista,Philippines,8.972681,125.408732,46d4ba3a-52ce-4abd-b0c2-ddf49e5d15c1
Sobinka,Russia,56.036667,39.9203466,a2149711-a50c-4cad-8a78-781695ea3436
Karangnongko,Indonesia,-7.6589782,110.5394227,d0f556c8-4783-4017-963b-4eb2529d0dc4
Kufayrit,Palestinian Territory,32.4438,35.20184,c90a79a5-f10c-438c-8dff-1fd3aafcb855
Yuxi,China,24.347324,102.527197,3b42f57c-e475-467f-9b60-51b29231766d
Kashin,Russia,57.3529283,37.5917237,f0416fc4-ee26-4924-9b14-f5f6f6ddc389
Haghartsin,Armenia,40.8016728,44.891109,667e9e5d-172c-4ff8-bbc4-51e973b5f249
Leles,Indonesia,-7.1056569,107.9005972,7e77101c-c9b3-4591-b61c-662b52c81458
Port Erin,Isle of Man,54.0852394,-4.7544671,5d9c1cf2-673c-44c4-8ab8-6113562687ff
Besah,Indonesia,-7.1387719,111.639243,93ff514b-186e-454c-b044-65c170cc8963
Banes,Cuba,20.9570351,-75.7197039,30629a18-27ba-4884-a2a7-4725b7eb2d17
Anyuan,China,27.615202,113.870729,a0d21df0-e542-4fee-8b7e-34c8e294f846
Bolhrad,Ukraine,45.6838431,28.6143107,ae0a41a9-6a45-4b23-b105-8c1eb1c59673
Banggel,Indonesia,-8.0060188,111.4207572,737049eb-0e0e-4477-bd6c-b6733a50b462
Bonpland,Argentina,-34.7319408,-58.611532,1f0b6933-8ff8-4f76-a1fc-c763dfe2858f
Buenos Aires,Mexico,19.4052965,-99.1504583,2f549a67-a498-451d-9c04-63bea1f815e8
Medellin,Philippines,11.0871586,123.9861013,0794471b-dc99-49f9-8291-67a6f782986d
Tembang,Indonesia,0.8231171,112.5662284,5a48f86b-84dc-403f-84c9-4a46d7147a37
Villa Nueva,Argentina,-31.4505323,-64.1847851,68ed5f18-da8f-4812-892c-7020834a476c
Giporlos,Philippines,11.111972,125.500634,21731500-eeac-43ac-92c8-1454f8001186
Xinjie,China,39.959701,116.371308,529904c5-bbe0-42b4-9404-bf48251177d8
San Antonio,United States,29.385634,-98.5254159,b2b0d81c-6371-4246-97b6-58a30c41782a
Santa Rita,Venezuela,10.2043929,-67.5648932,f49096bb-3c9d-498c-83e3-50f430db0f9f
Juan L. Lacaze,Uruguay,-34.421323,-57.4485845,42363092-0d0e-44dc-8e29-332bd883d146
Laholm,Sweden,56.504578,13.0422348,13df7e26-8afe-4a08-b8c9-06c878c7dc0f
Grenoble,France,45.1903117,5.7286053,48cf2d2b-5a7f-4f8a-b215-9edd86a7595c
Paojan,Indonesia,-6.9559495,107.5099087,ec30ef88-b2cc-46ea-b3ee-e5114f8896bb
Sibanicú,Cuba,21.238501,-77.5246795,428510c3-5d97-4a2c-99d7-2ba0b0704c97
Onguday,Russia,50.75425,86.13414,34dc1a95-4fad-43cd-ad11-c21baf01307a
Hanam,South Korea,37.5392646,127.2148919,668a71cd-d487-403a-969b-70e60ddfe9e2
Lowayu,Indonesia,-6.9689802,112.4261662,ee5f61ed-9650-431b-a277-3b428a0d33a5
Chengmen,China,25.991991,119.368971,0f2b9819-a8ae-4147-a362-242df5a57a6c
Černá Hora,Czech Republic,49.4136066,16.5814019,2ddc2b59-a9dd-4057-b4fd-41cb414f4187
Jiudu,China,28.824583,104.641931,779b4d2f-7152-4b0f-a83a-b6e0bdac95d5
Gaotai,China,39.377733,99.819316,fb9a3014-3425-4d6d-9578-071a30fe057b
Baranoa,Colombia,10.796589,-74.915036,1c3953c6-6a1b-4451-8e3a-69bbf60f7b16
Andong,South Korea,36.5683543,128.729357,c2a5aee1-44cf-40f0-a6db-e3778a1d9a77
Néa Kíos,Greece,37.5874845,22.7447696,a29b398b-f0c5-481b-8d54-15f6564d885c
San Miguel,Philippines,8.955271,126.009711,6802208d-d620-4a56-a7ba-49ecfb19421a
Fuling,China,29.703113,107.389298,d14066aa-8cb5-4fa4-81c9-9684b53eea7a
Lameira,Portugal,41.7811503,-8.6240851,4784e0f9-d69d-4dcf-8d5e-e8d724711839
Panjiawan,China,27.378875,103.534774,08f9d031-978e-429f-9967-75caf8f67ee5
Lyalichi,Russia,44.0766295,132.3885311,57a32449-469c-434e-880e-5ab31b63c93d
Scottsdale,United States,33.47,-111.92,8eea3fae-7663-45b5-9c97-46b59bfd210d
Kumo,Nigeria,10.04208,11.21814,16329789-059e-407a-ace3-1d483691bb75
Corozal,Colombia,9.1375974,-75.2128996,1b807cda-736a-48f8-90cd-bf0d60753f8e
Xiangtang,China,28.430921,115.969683,400ededc-19ca-4b8c-8a0d-35cbb95033bf
Pruzhany,Belarus,52.5557638,24.4554644,5358010b-9366-4e49-be9f-edb8d1fa452f
Tangxi,China,23.759956,116.157387,52c31f39-fbf4-4bde-a4a1-20bd06020d7c
Monastyrishche,Russia,44.1947831,132.518626,247c2534-3ebd-4d78-b916-f693b82d106d
Futian,China,22.521523,114.055023,17675874-a7ac-4182-a93f-42326ab6dd85
Abrantes,Portugal,39.4621054,-8.1986484,965711e0-1501-404f-972c-9d85926c3d5d
Guinobatan,Philippines,13.1870951,123.6222777,370c5c75-3c78-4d69-916f-0ebc49072a8c
Kaskinen,Finland,62.3822834,21.2277852,8de214d4-f62e-4d7c-8079-af73efb6e98f
Capalayan,Philippines,9.7441,125.535149,8e67065d-5832-4470-aebc-c9b84fe29547
Qianying,China,39.704676,122.955872,0e9a8090-5bb1-4c2c-8b95-189e8399c515
Xiangfu,China,34.756916,114.441285,8723611c-70b3-422f-9a1f-8df02f4eef1f
Jagabaya Dua,Indonesia,-5.4008202,105.2677562,5c01340b-c1a6-412f-9357-ff65b44e318b
Catanauan,Philippines,13.5987473,122.2344876,7e8f427f-0622-4975-aa7a-ec22f2434baa
Taraju,Indonesia,-7.4399956,107.9887402,2002b58b-7d85-482f-9a67-02f16420ef74
Baizhifang,China,30.385605,116.96943,80327edd-e604-4bd3-bc81-bccbce3972cf
Mitú,Colombia,1.256633,-70.2359058,89bee646-c6dc-49d1-904b-3332a933c4b3
Manolo Fortich,Philippines,8.3793172,124.8830509,c933b4bb-39ff-48da-be52-385f757166eb
Avellaneda,Argentina,-37.9973752,-57.5825246,17033ba7-4417-48c2-9c90-b2ffd07e5df7
Longping,China,27.5566857,107.0336505,bbe06257-1753-4f88-bf20-b8085caad4d0
Charlotte,United States,35.2219554,-80.8328724,2c1bb634-7790-4dc8-b983-45101360576b
Muarapinang,Indonesia,-3.8246952,103.1048449,1544288d-6672-47c8-9412-07f0e1b97df5
Orlando,United States,28.54,-81.38,08481f29-5e49-4b85-8128-53f4f0fa10cd
Jiaocun,China,28.228271,104.565145,f7d408ea-9ad6-420a-98f5-730f4b5bb800
El Paso,United States,31.77,-106.43,0af209d7-c895-4084-9936-ea05359db1db
Mufushan,China,23.021478,113.121435,bbb64a53-f587-472c-b0e8-747d06a7b4db
Calais,France,50.483457,3.003076,60b812f0-b54a-4fba-bb3f-c78a39c51e4b
Jiagao,China,23.9827596,97.8739419,55d18c2f-e6f1-40bc-b31a-9d8a34964054
Baiima,Sierra Leone,8.1087597,-11.8478324,5f434ce3-8755-4e6e-a8d8-cf4924dad4a3
Padangpanjang,Indonesia,-0.4660955,100.3984148,780d2ecb-af06-4b41-a62f-eb0b347d992a
Fuliang,China,29.703113,107.389298,facb2a53-3239-40a1-b4ae-554d0fb58e7c
Västervik,Sweden,57.759167,16.6236443,47c3e9c5-067c-49eb-855e-04598966c27f
Babatngon,Philippines,11.4145346,124.8469591,95b87dad-92a4-4135-a9ea-8d9fc431104f
Schirmeck,France,48.4990903,7.3118635,2a10614d-bad0-4ba5-8ef6-4c2d2e20812b
Sharjah,United Arab Emirates,25.3462553,55.4209317,34824baa-52ba-4909-9f5d-2ce55a36dda7
Kampungdesa,Indonesia,3.205886,101.5957199,1a5e328c-f28e-4562-92ea-7fb6d8569693
Rydułtowy,Poland,50.063355,18.4336557,bf1891bb-f27d-4bff-9436-cb09a1c5d1c3
Yirga ‘Alem,Ethiopia,6.7468164,38.4139922,83560a04-9aaa-478e-a026-a48e53bbed23
Nyapar,Indonesia,-6.9122585,113.8257538,f40f287b-4895-4394-833c-af21ef344fd2
Bei’an,China,48.239135,126.481867,2c599ffc-71a7-410c-996b-21bf0412005f
Bābolsar,Iran,36.7048972,52.6546785,30aa4491-ed9f-46df-adec-1f998fd9daba
Icó,Brazil,-6.4026236,-38.8591633,af2cf3c0-e435-45b2-a2d5-ead619933d56
Baojia,China,34.363184,107.237743,070c524c-9509-4f3d-ad0b-ded00b785c1c
Anahuac,Mexico,22.200895,-97.8531153,189f60c2-3375-42e7-bd7c-c701519b9b1b
Santa Rita,Brazil,-7.135868,-34.9662353,f79f2a63-c5f1-4014-8fd6-f3f351d7747e
Runka,Nigeria,12.4525749,7.3071075,bb9375c6-e7d4-4319-b692-0c178456498e
Zahvizdya,Ukraine,48.9240653,24.6653537,64441d18-5ccb-48a5-a43e-366166ffda9a
Sanying,China,22.4537995,112.9340394,30f37e6f-8ff0-4a3e-a02e-5b81b97e96d5
Glória do Goitá,Brazil,-7.9995755,-35.2947008,45525a6f-638b-408a-bb78-f31f231e5a8b
Calumpang,Philippines,14.6527027,121.0271174,52cf924c-0837-41cc-a6b6-5bc153f9b749
Nagutskoye,Russia,44.4412922,42.8839636,530e8a3e-2227-4814-9fea-75bf99678cab
Rio Formoso,Brazil,-8.6836833,-35.2807624,37fa8d43-6de5-47f6-b499-c82accc405f5
Jdaidet el Matn,Lebanon,33.8918998,35.5630426,fdbf26eb-64fd-4dda-bb68-b58d46ef34ea
Zhexiao,China,32.515255,95.735762,f388e215-448c-4aeb-85f9-ef9c05f49471
Soio,Angola,-6.1410265,12.3521148,598381f6-5561-4403-b220-0a3cdd1a0990
Serikbuya,China,39.302799,77.823975,ff4b13a6-dd52-4583-adee-b4ad7cca87f7
Bandhagen,Sweden,59.2695504,18.0574637,b4b0c79b-a0f3-4641-97dd-5700d6b993d2
Licupis,Peru,-6.4240524,-79.242648,10a37ab6-7ff8-43ef-b51e-bb3a46530f6e
Rantau,Indonesia,-2.937572,115.143997,8358d03d-0636-4b92-868a-7af9dcb342e7
Logung,Indonesia,-6.8272662,111.2874835,c6e485bc-bbe4-4284-9838-dccc095a1a3d
Ea T’ling,Vietnam,12.5854531,107.8880075,92c43a62-ca66-42ee-946f-55b1b8ea36a1
Conqueiros,Portugal,39.8385153,-8.8190392,318ad859-fd2a-49e2-b4a1-4e2516d7345f
Marcabamba,Peru,-15.1471649,-73.3406579,f5496390-aacb-43cc-b198-5f4cddab0226
Lunenburg,Canada,44.38345,-64.31545,d406bc1b-5152-4176-9e85-463173f7b4fd
Lingyuan,China,41.245445,119.4015739,abf5d9e6-ed8a-4b4a-9287-309badeff8c1
Stockholm,Sweden,59.9715263,18.6031762,6acb7bce-c094-41fb-b0e3-046bd3fd50b9
Sapouy,Burkina Faso,11.5478704,-1.768487,8a8dfe04-684e-4715-8961-326ffe71bc02
Doksy,Czech Republic,50.5658445,14.6542767,adf10390-1223-4fd8-9563-ba6288f90d99
Kašperské Hory,Czech Republic,49.1429001,13.5561642,a1d2dfcb-d0ed-4a0f-b99b-6499bc865a52
Kukuluk,Indonesia,-6.562,105.9917,28bae148-e9c9-4bee-bbef-ee664ddbea0b
Shuanggang,China,39.042852,117.318781,9166f143-158b-4755-8041-37a24e4c365b
Sabtang,Philippines,14.342711,121.0656962,708ab6cb-5a49-4a92-ae00-d01db35de525
Moñitos,Colombia,9.1749262,-76.1435915,8705212f-7c7e-43a8-abe2-e7a3c1f1a97f
‘Ābūd,Palestinian Territory,32.016539,35.068807,cfdefff7-0823-4ee6-9b4e-36d0fa670f1d
Zhuangbu,China,25.69498,115.601076,d77d1076-03f4-43d3-9863-6ea78a9081b7
Tashi,China,20.003532,110.513149,e0fd51cf-559a-4402-ae1d-620799ba6f61
Brijest,Croatia,45.5206082,18.6747675,88aa649b-ea6d-44fd-af02-a96c0fa2c664
Quận Phú Nhuận,Vietnam,10.7991944,106.6802639,b582445f-3821-417c-8f81-20f0908c9072
Malitbog,Philippines,11.1946369,122.5270677,f468e87a-4f7a-4317-a62f-c45aef9dff6f
Lainqu,China,31.511818,93.517216,11289c90-0035-40ba-8483-8da953f56148
Doushaguan,China,28.0367067,104.121341,75aa1c94-0bd3-4fd1-9aeb-116d541b191b
Usman’,Russia,52.0391192,39.7408362,c7b2ea10-dac9-44d6-9394-989bdd5d26b3
Tiecun,China,29.229569,107.186194,1447dce7-d8dc-4173-b004-ec63d0c7721a
Paso de Indios,Argentina,-42.7556675,-65.0598718,fde0172a-e5e8-4e60-a519-9af45c09067f
Gaspra,Ukraine,44.4353271,34.1121629,1fbd0157-ea16-4c22-83dc-3edd8b37efa4
Zhaoxian,China,37.75643,114.776185,57d0f197-3f76-4057-bf19-7fc006f42137
Pawonków,Poland,50.6906104,18.5510673,cdfa6cfc-012a-492f-8af9-043a5a1a1759
Nanling,China,30.914922,118.334359,dde152e9-6e14-4af8-b3bd-2f326d479ad8
Březová nad Svitavou,Czech Republic,49.6542555,16.5117461,6b5f3706-f4f6-4329-a8f2-5a88e4591463
Annacotty,Ireland,52.6681994,-8.5369154,906126cd-aec7-4bcb-a51b-8653aba11a6a
Kariya,Japan,37.841046,140.5203882,3b3103fb-3751-4f03-b43d-dd57ae99e59a
Yamagata-shi,Japan,38.2342865,140.3509794,b13b521f-84bf-4bba-8b9e-41e206f8d812
Rambatan,Indonesia,-3.129696,104.204716,d7067488-c052-4a03-8525-8e1fa4940e69
Yedogon,Russia,40.6108358,43.1000425,b6653bf7-923c-4c9f-85ab-9940bebcf8e4
Shuiyuesi,China,38.3179046,116.8578425,621a2b70-561b-45f6-8ae7-f7f12ca99bd7
Al Ḩāmūl,Egypt,31.4292388,31.1252135,88271275-1507-4894-9b3f-f33915dc2efb
Le Tampon,Reunion,-21.2814327,55.5229203,74df312f-3cf3-481b-8f15-5a60ba90149a
Ichupampa,Peru,-15.6500913,-71.6869874,b567d7de-06e1-4f3c-9f2e-74a54f4bf517
Batan,Philippines,14.5939732,121.0228043,9ca11605-4aa4-4e64-bb55-07bcfb27b82a
Gränna,Sweden,58.0250234,14.4700948,21ff4f1a-2d1c-4bb1-b74c-2177d40c85e3
Tampa,United States,27.9943858,-82.459481,8c71af29-7304-4d0c-8159-27692ea27ebd
Limoges,France,45.521519,3.5276642,00b6251f-773c-4df9-8fee-edc355c46fbb
Baumata,Indonesia,-10.2043297,123.6819029,942fae5b-6c22-4dec-a5f7-ec2ae9545154
Tuusula,Finland,60.4609132,25.0250415,608c91d6-8463-434f-a839-fa66e98cf5af
Mount Pearl,Canada,47.5206407,-52.8076818,98a2892f-a195-491f-bd66-73b66c169c9a
Aldeia,Portugal,41.8415239,-8.8186886,35eee4b9-8aa6-4619-8dfb-c99503ca0298
Famaillá,Argentina,-34.5903044,-58.4985279,fedaf75b-c4d7-46a9-9a1a-1af05524ab11
Tabio,Philippines,16.8564272,120.7963702,414752c4-d1b4-49b0-a83c-ca73a1e55da7
Primorsko-Akhtarsk,Russia,45.674028,38.856404,113cdb0a-f2e0-4e9f-a25b-715eb259d69a
Xinzhan,China,31.8948117,117.3279441,ade19729-b8e6-4279-b5e4-4c8a10be82ab
Tampocon,Philippines,9.8566537,123.1426191,c62c38df-5fda-43bf-a49c-3820fbef2413
Muroto-misakicho,Japan,33.2680092,134.1641616,410ea5eb-2d9b-4177-8279-7461742df09c
Wanganui,New Zealand,-40.0642898,175.3488701,8bdedd3b-2ad0-427e-b83a-34e2c011aa89
Azua,Dominican Republic,18.4445307,-69.9316834,df7f1fa0-4b8c-472c-b714-90b6ce6a89e3
Kunjāh,Pakistan,32.5741487,73.8854331,17cdb290-e2bc-4262-aed4-35151974ec59
Laranjal Paulista,Brazil,-23.0510503,-47.838004,46cac313-ec38-4082-8ad6-1f0d46120f0f
Piedrancha,Colombia,1.140872,-77.8645669,ec2b24b8-02db-451e-aab3-9b80ab2e8c87
Guyangan,Indonesia,-7.5849174,111.8784707,2ec2bc9b-3cf2-4b39-98fa-14dac1f1a822
Shiree,Mongolia,45.85,103.4,cf104101-f02c-42a2-ba13-016630fcf643
A Yun Pa,Vietnam,13.3743393,108.3989809,f80e61f1-2d85-44c4-86e5-eec78340a1c0
Teno,Chile,-34.8702993,-71.1664033,cdc0d913-a635-466e-9a78-404a003a400a
Tartaro,Philippines,14.53348,121.023574,4c941b6a-1682-4e11-aac4-bd4f661d04e1
Were Īlu,Ethiopia,10.5914216,39.4372601,c4774b9e-d7a1-455d-a7a6-80b142d2f510
Kaduna,Nigeria,10.5104642,7.4165053,d57663b4-8cca-4ffc-9069-121f6b9749f6
Gamovo,Russia,57.8745672,56.0925161,1943477b-b72e-4c00-8af1-13abc0049601
Embarcación,Argentina,-41.1254857,-71.2485941,90fa92d9-9b66-4ebd-a6d4-f070a6f64c38
North Cowichan,Canada,48.8428574,-123.7044012,0c382ef1-ecd3-4b9c-83be-ee0a57d1c840
Jeremi,Haiti,18.6389698,-74.1181234,8e4b329c-c7b4-4b32-b036-b9594ddcef57
Pinhal Novo,Portugal,38.6382751,-8.9095861,fd72e3a3-a8af-4805-86b7-74245ba1c715
Liutangting,China,27.36017,111.581975,cf858b25-286e-43e2-bf7b-041d1211c1c7
Rassvet,Russia,55.823907,37.518127,080f6ea3-0560-4728-9010-81d7b1a9906c
Torez,Ukraine,48.0201627,38.6545257,9ca8eac8-e9d1-4ed7-8eec-73ea37025924
Tabia,Morocco,32.0302286,-6.7969224,e78e2390-38c9-442f-8920-620a565db2dd
Albany,United States,42.65,-73.76,523202b0-9764-4ac6-8242-7922a2481d52
Krasiczyn,Poland,49.7762204,22.6525426,c79ca445-3079-4fb9-92f0-c7744157789f
Uyutne,Ukraine,45.1973827,33.2979082,7c5d25fb-be32-4ea4-944e-414b19c93555
Nan’an,China,24.960385,118.386279,5f0db93a-274c-44d0-946b-6e5a449b43c2
Kubangkondanglapangan,Indonesia,-6.4154,105.9121,bb6ca4cd-b04a-484a-a372-0f926c7a8791
Bweyogerere,Uganda,0.3353678,32.6673018,0f34a324-bbe8-4cf1-83a1-18864a42c743
Morada Nova,Brazil,-5.0662102,-38.3587174,ecf3d6dd-e405-4960-a1f9-7431902552cb
Pietermaritzburg,South Africa,-29.5482451,30.4048541,8ed2fa06-d8b8-42c8-ae33-5d7224125de3
Toyooka,Japan,38.9951183,139.9228567,acff777a-4b18-4694-b7cf-ed83e6293a56
Liulin,China,37.429832,110.88907,8256a8d9-6d82-4faf-b2a0-0968e10ca4f9
Miðvágur,Faroe Islands,62.0096447,-6.7716551,7eb3581e-64d0-4381-813f-c8c2f5389010
Jardim do Seridó,Brazil,-6.5843262,-36.7731681,a9a1c485-91a9-4c81-b21f-cb0ab8b3b6dd
Litvínovice,Czech Republic,48.9620719,14.4514592,a404b0a8-67f5-46f5-aad4-11fe29751ec6
Erdao,China,43.865595,125.374217,14de0f23-f570-46b0-9f34-f8bc57be9ad0
Oslo,Norway,59.9287227,10.883269,77024943-26cd-4316-a852-789e2a4a70dd
Wojnicz,Poland,49.9579835,20.8378422,a18fa218-f57a-4b60-b35c-a611a74a0e0d
Zhuhu,China,22.270978,113.576677,d54b1548-886d-447e-86d7-5ce92d4346ae
San Antonio,Mexico,19.4805668,-99.2058279,868cef50-0341-42a1-b18b-91ac98296a20
Basa,Philippines,14.6430983,121.0219885,65e31897-f381-4a14-89d9-bec86a946d17
Bestöbe,Kazakhstan,52.5017027,73.0947195,1256e6a7-92e2-437e-8954-7a4945ddcc37
Yacheng,China,33.347316,120.16366,de5b2c93-e276-42ae-9e9a-0cecb7b0a668
Tulsa,United States,36.1964847,-95.8459341,97062a92-6474-4b87-b42a-0c60b00f0eba
Zhuangke,China,39.680811,122.967328,02d5c310-9775-430a-912d-931c178f3b60
Minle,China,38.430793,100.812859,dbbb14f3-3ebe-41b5-97c6-3a8fda253ec5
Zhongshan,China,22.517585,113.39277,5f97233e-027d-423c-b627-8978f5a0c970
Węgrzce Wielkie,Poland,50.0201,20.1093853,0caf0f87-969f-41d9-9256-593dec01c275
Cipanas,Indonesia,-6.7131574,107.0185123,8696005c-68f4-41bf-a8a5-cb53931712a1
Sioux Falls,United States,43.6,-96.7099999,a42a876a-642a-4b05-b553-33e05bb3e75f
Raniżów,Poland,50.2709514,22.0218252,1f2cd574-0f8e-48e2-aca3-26f2dc9230a2
Polzela,Slovenia,46.280897,15.0737321,8166d83e-cc9a-4817-a89c-286582ea998e
Lavras,Brazil,-21.2484875,-45.0013747,c09ad961-15a2-4001-b169-6ed62569bfd8
Napuro,Philippines,12.6679167,123.9881642,740c1f0c-63fd-4f4c-86bf-45a8206887c8
Aguasay,Venezuela,9.4234961,-63.7296742,26139bfd-a913-436c-a68a-6081e24a4396
Edinburgh,United Kingdom,55.9309486,-3.1859102,acf578e7-26a7-4a38-90b4-f5c0100e2444
Yumendong,China,39.8,97.9,cc2b8e78-9aad-4d0f-8c99-3355629e46dc
Noemuti,Indonesia,-9.5974717,124.4863567,45c1dea1-52d2-4369-abd8-abcd5845986e
Taraco,Peru,-15.2982834,-69.9818327,02401608-b3dd-4df5-b894-78fdf68c7a80
Jiaoshi,China,29.709214,107.606105,7ccaffab-576c-429e-9d15-59706f189e84
Sukamaju,Indonesia,-6.4185424,106.8502879,a0f05dec-52d4-4f7b-8546-d0a670a7c789
Las Matas de Farfán,Dominican Republic,18.8782625,-71.5036905,a80cd4e2-9b27-45a6-ba67-5c1c124dd2f8
Lubniewice,Poland,52.5187305,15.2372386,76744110-e397-43b8-88a3-5c112d6ab393
Mollās̄ānī,Iran,31.5825784,48.8875486,ef397d25-b5b6-404a-834f-d38b02222702
Rawson,Argentina,-37.9707308,-57.6258993,c74e3cb4-776b-4850-aafc-3a5faf46ca14
Ordzhonikidze,Kazakhstan,52.4397976,61.7405126,2e5fee84-8fd7-4860-948f-e7568b3722a1
Lanlacuni Bajo,Peru,-13.47751,-70.414047,3b04063b-e909-4ac8-b4ca-d82940692b4c
Metz,France,49.1199699,6.1650769,d59d61fb-bb8c-4a24-864e-ee7337b4ba86
Middelburg,South Africa,-31.4951912,25.0080443,05107a64-e9f5-43fa-b1eb-358e0799f398
Kingsport,United States,36.5804277,-82.5753842,b25d07c7-a991-4707-b07c-6d39b754933a
Zwierzyń,Poland,52.8266033,15.5780691,08e02ec6-54d0-47c2-8663-8f8a37476659
Jiguaní,Cuba,20.3650844,-76.4302771,3b67e734-9c3f-4395-9f2e-d4fa9dc0b037
Kouango,Central African Republic,4.9946855,19.982437,9d3c92f1-f85e-451a-b8ce-28694c7f1c0e
Bacolod,Philippines,14.4400324,121.0299296,3e041408-63ac-46b1-b36a-d067dedf6246
Pavlohrad,Ukraine,48.5294478,35.9032574,fdce86f4-4273-4766-92d4-75d8fb7fb567
Trudovoye,Russia,43.2998369,132.0667195,e2931a4a-4bd2-4fd8-89e2-9d67cb8754a7
Port Area,Philippines,14.5937178,120.9676054,5a56f6de-5888-425c-a57f-ed9765c0ca53
Wurno,Nigeria,13.2838698,5.4201377,8cc15f1a-5324-41ac-8285-172eb3d0f154
Aubenas,France,44.2136985,3.9996505,111a4ebe-e27f-48ff-9011-9ffecf3b795f
Boromlya,Ukraine,50.6157447,34.9855215,eab3e62d-4339-43ae-a9e0-3683cbb73ad0
Houjiagang,China,29.519664,116.854021,9baa13c7-ce46-4f2b-8dfe-f883d950e79a
Tancheng,China,34.613586,118.367215,301ef9f6-1abc-4879-9537-382b9d2b66e1
Maslovka,Russia,51.752684,36.1522509,c288619b-aeaa-4810-beee-387697c259ba
Nedryhayliv,Ukraine,50.8305647,33.8815261,17553d01-d575-44f3-812d-47130fc009e2
La Quiaca,Argentina,-34.5903621,-58.7186017,318ae58d-96f5-4755-be58-40a998887901
Zwolle,Netherlands,52.5019685,6.0684306,6ee8fbea-e267-473b-848b-3e77244d6666
Kuafeu,Indonesia,-10.0017,124.4251,7a45e807-9f56-4a90-b7df-45097657b1d4
Pasirtujuhpuluh,Indonesia,3.2443317,99.4976356,69a0000c-6e15-4904-8d65-9c6b9b94fbac
Otradnyy,Russia,55.1795454,61.3396043,e979bacd-0fb7-4583-8d95-5b6d3f9a7f3d
Maipú,Argentina,-37.9779092,-57.5709382,5bbff7b0-e4cb-40c3-a2e9-1905fd028988
Paris La Défense,France,48.891587,2.2408938,c72005db-4a5f-420c-b488-9c3b7dbf13d9
Nangen,South Korea,35.41,127.38583,a69c33df-7902-4d6c-9acf-95687a7df996
Gushan,China,25.423994,119.038321,0627d083-3ff4-486a-8d5f-ba04fe111f14
Montonggamang,Indonesia,-8.6447759,116.3751225,98a77c22-fbac-4b03-b186-db7441c88298
Mabai,China,23.546343,105.020249,8624ab05-d72d-4001-a41b-4df745ad5dc3
Trzciana,Poland,50.05998,21.8324138,0f89499d-cf47-490f-86fa-1232c887471a
Tawan tawan,Philippines,7.8182993,122.6727616,e7420c64-c472-4127-8b09-ae7363205e0e
Petit Raffray,Mauritius,-20.0207751,57.6240731,b5f08ba4-2f4c-4b58-9fd7-dd97f720ae4b
Loštice,Czech Republic,49.7446959,16.9289283,924551f3-195b-4a8d-8b13-f11c82c1496d
Rongxi,China,22.791223,110.454459,711de275-12b0-457a-a161-6e6414ccf2bf
Zhujiapu,China,38.995854,117.688815,9896cf7c-64e5-4fd9-bbd7-7f871484d505
Vinces,Ecuador,-1.553873,-79.7624177,9fae8814-e8cb-44f5-be16-d2858afe7e2e
Pimbalayan,Philippines,6.7987866,124.6192703,12529073-48a1-4796-a029-394ebcfe7bff
Halmstad,Sweden,56.7117056,12.8778046,f3fedd46-148a-4add-aa5b-3433c9ed4780
Marsada,Philippines,5.976337,121.2234268,9d026b42-58d5-4189-b202-ac84198fc952
Konstantynów,Poland,52.2060223,23.083666,02a43b5d-ace9-4312-bfd4-7701499b7362
Agía Varvára,Greece,37.9904219,23.6583002,6a467327-4244-48cf-9384-cbf150518ded
Bintuni,Indonesia,-2.0992602,133.599128,f2da2104-d182-445f-98d8-5bd1f9d3aada
Tianchi,China,42.0107787,128.0660957,c553d4dc-6678-4762-88d3-45d80f01dae4
Oganlima,Indonesia,-4.8696374,104.7112631,5a549172-5456-47d2-ae20-5e87816b41a1
Ubinskoye,Russia,55.3025486,79.6827969,9d64f1bc-8759-4ac3-b03c-79982818c10a
Černožice,Czech Republic,50.3218978,15.8753752,12140709-1da2-4a10-9e2f-f3b6ca23464e
Ku‘aydinah,Yemen,15.8,43.333333,97781c2c-dc01-41c4-a523-76fbba6d2684
Vis,Croatia,43.0602104,16.1828781,213c4729-77c9-4d06-aedb-a5115af2ca55
Hecun,China,28.663694,118.534841,1cb7cad8-5223-45ac-b5dd-98b10cb0a645
Wangyi Zhendian,China,31.325748,113.393516,607ae4ae-a0d6-40c8-88e6-0eb0a3ad1f93
Mabamba,Tanzania,-3.597311,30.5005605,4d5226ec-a8b2-42ea-8231-33e2e7688de0
Mölndal,Sweden,57.6653832,12.0310091,76000fca-9065-4fac-9440-66e083bf5d46
Hamamatsu,Japan,34.7326539,137.7446478,1f237689-16fa-47ee-9a52-b6838ccf231a
Luan Balu,Indonesia,2.6087182,96.1686077,375e58a1-ffeb-4ac8-a9d4-bbcc5ef04434
Dolisie,Republic of the Congo,-4.1956379,12.6733009,6e8be359-4691-4a54-819c-77a70bef0118
Bugko,Philippines,12.5350875,124.7907837,3772a479-818d-4dc1-8268-6068c3e21032
Cikembar,Indonesia,-6.9684303,106.8060388,d50de120-3cad-49c1-9860-77bf6c67ea22
Stříbro,Czech Republic,49.7529483,13.0041032,ef594f62-71c1-42e6-8db7-8a524580546c
Tungawan,Philippines,7.5252594,122.3617095,8fc78bd7-b5b7-4869-8d81-998f182e4991
Strel'na,Russia,59.8583045,30.0461164,50011742-4371-4d4d-9cac-4603a1a51571
Ramat HaSharon,Israel,32.137793,34.840278,5ddfe2cf-de2a-4bda-82a1-169779141083
Vladikavkaz,Russia,43.0242825,44.6896426,98abb0bb-e13f-4bc2-9090-6da2af80f7ca
Blatná,Czech Republic,49.424893,13.8817644,9fa574b4-e0f2-49a2-86de-bc657226c5f0
Estancia,Philippines,11.4693878,123.1476046,07fed36f-aa35-4ce0-a869-cdd927c07331
Taluncemara,Indonesia,-6.7597964,108.5144791,2b85f2be-eead-42f4-bb48-5d622947f2b3
Guilherand-Granges,France,44.9326194,4.8713543,4bc01872-ffd0-4134-b8d3-ca7210ae4673
Sorocaba,Brazil,-23.5015338,-47.4525944,281870ac-c219-419b-b9eb-1565382a1697
San Marcos,Peru,-12.0560257,-77.0844226,5208365e-9669-4678-adf9-f0f93efe9edc
Young America,United States,44.78,-93.91,5c0ce92e-7820-4ce5-8628-75e330f8abf2
Las Sabanas,Nicaragua,13.3406743,-86.6220546,ad911007-c63f-4315-9d46-685abcd1e0a6
Kímolos,Greece,36.8173373,24.5599015,2a1a8ce5-da5c-4879-8187-b3debc97bb19
Calingcing,Indonesia,-7.2119433,108.1591732,f90b53bd-95f5-4f8a-9301-0009b7d92ea7
Solna,Sweden,59.3525393,18.0191452,581e9651-5115-4df7-b442-eaee633e947e
Villaguay,Argentina,-38.9467974,-68.1042424,89facb3d-668f-4876-9dff-9acacd207a73
Shalazhi,Russia,43.09476,45.35898,c932b727-b624-41f0-adeb-23a01f186468
Ciodeng,Indonesia,-6.5717496,105.9494248,5ca09203-2600-40c4-ac54-7719a7b06f07
Hekou,China,22.529403,103.93935,a1b82a9e-2371-49c8-9689-7552bad496a1
Kota Kinabalu,Malaysia,5.9840985,116.0761121,68596da2-98e3-4322-8f26-2325c2cfc404
Wuyanquan,China,31.364042,108.520914,6741adf6-6a91-4655-b429-d1aefb9ff839
Hondo Valle,Dominican Republic,18.5049101,-69.8296974,33f3bfea-3de8-4f82-b12b-d09507fe8e63
Dame-Marie,Haiti,18.5614891,-74.4195864,fb604737-c6e0-4a30-8947-36359d3b5702
Heka,China,24.4670098,118.0855763,4a957865-8b22-4159-a8ae-8a38af4abc37
Woto,Indonesia,-7.524303,109.204103,8f440c39-37a7-4f7c-b79a-f8b0885dd0de
Kadusimbar,Indonesia,-6.4222,106.0889,5befef5f-86da-4668-af2e-26d945c7e637
Bhakkar,Pakistan,31.4784522,71.2845323,89e9d506-c974-4994-8b84-1e15b3ff749d
Taveiro,Portugal,40.1999522,-8.5031422,57dad758-06c2-4499-b11b-69f468419d4a
Jaru,Brazil,-10.4322235,-62.4792921,a410c89b-57db-4408-8a58-1a110bbb302e
Uurainen,Finland,62.443933,24.9756208,d187271f-1944-4565-a6d5-3e60f7ac41bf
Huacaschuque,Peru,-8.301379,-78.0084789,772a1f77-16c6-42f2-94ed-3ef9e3ec0263
Heilbronn,Germany,49.1376432,9.1776059,cf98577f-37f9-4b65-87b6-cef30bfd405e
Safi,Jordan,31.975951,35.853029,0aa92634-66a5-4aa1-929f-35a49af21d76
Tosno,Russia,59.5403823,30.8896701,9c81a2c2-1530-4eba-89ae-ccec61a313d0
Oras,Philippines,12.14428,125.450296,0488ad1c-be11-4381-aaa9-449f33fd0d7e
Gaya,Nigeria,11.862577,8.9990801,a98d0921-0586-4728-833e-09bbd9d4eed3
Songping,China,22.558237,113.95494,db124883-e1b2-42a0-b7f2-300be0404cc5
Sant Cugat Del Valles,Spain,41.4904044,2.0776887,c4e15e4c-4eab-459a-9d2a-ad6d5bc13ec1
Victoria,Grenada,12.1929841,-61.7020265,617d432b-a15a-444d-97e9-a8e94cbf514a
Futang,China,32.890479,115.814504,30849d91-f549-4e58-aab8-740ede4b46e3
Gegernoong,Indonesia,-7.3862,108.2323,9eac4f61-91e1-40cd-88ea-fbec6c71bb5f
Nangerang,Indonesia,-6.6970726,107.5357224,2abae357-a1b9-4e3a-a0d7-e4d3e2fd7257
Saint-Chamond,France,45.4699386,4.5014237,694f290f-805f-49d0-99fe-8efdd12de9c0
Tuti,Peru,-15.5319205,-71.5490271,03219324-a286-43ec-8d3d-4c4c0124d590
Licupis,Peru,-6.4240524,-79.242648,dc259ecc-3c04-4f39-aaf7-f894ad5e9c57
Moravský Písek,Czech Republic,48.9901636,17.3326946,d5fea91e-b8a2-4351-9179-4d855f72dfe7
San Andrés,Colombia,12.5084633,-81.7212616,8fbb0c26-b7e9-4ba6-8f9d-f4895266de60
Malinovskiy,Russia,61.2067486,62.8101616,cbc576cc-bf3e-4659-94a8-70dd16bb7efe
Karangtengah,Indonesia,-6.8008183,107.1781769,a13ec496-e7a7-4610-b1a9-624880858667
Jahāniān Shāh,Pakistan,24.9104797,69.3504869,c1cfdb1a-9f90-4432-89f0-f7a3a0298661
Tipitapa,Nicaragua,12.2722898,-86.0529604,b0f98c3b-4ad6-42df-8aca-eeeac119ba7f
Bunutan,Indonesia,-8.3661233,115.674668,46ba52b3-88f4-4618-918c-13c0ab60347f
Jāsim,Syria,32.9940698,36.0567202,ae1d99b0-cdd3-4c3b-9f32-ccf29055cda7
Shah Alam,Malaysia,3.0100681,101.5326734,a21326b0-3b3d-4629-b540-6a9f180944d4
Sidi Qacem,Morocco,34.2312322,-5.7194522,e2179149-499d-417d-91b4-c2aee21d7529
Naberera,Tanzania,-4.203866,36.927071,f2951e7d-f313-44ef-8283-dbfb79a48a32
Rustāq,Afghanistan,37.1091948,69.9193004,7f43d1ed-5e89-4a2e-99af-c205b6b38e79
Abonnema,Nigeria,4.7231169,6.7788461,1e63789e-dd46-48d7-be2d-ca5696c60ea3
Payaman,Indonesia,-7.4255209,110.2266293,e9329155-2aae-47a3-8d5c-72e68b320522
Toulon,France,43.1283145,5.9294606,cd43d6f9-9df5-4168-ae9c-3fe8481f67ff
Aygek,Armenia,40.1912987,44.384146,2a0d1329-91f7-4745-8127-7164d7ff242d
Don Chedi,Thailand,14.6521259,100.0135929,c2077f9a-d925-41bf-8288-a6ee793a3b72
Tomteboda,Sweden,59.3500072,18.0242499,70fed7a1-f2d2-4656-a72a-807b3046c501
Bender,Moldova,46.8318267,29.4620887,dfc5a8c1-6f56-4f53-8777-827abe68eaba
Tarbes,France,50.4734865,2.9394741,cb1c2c50-3ca4-4b55-913e-0931ac313b2f
Wanghu,China,30.661419,116.244678,d6cf5de1-e694-464d-b06c-a39787475abb
Konin,Poland,52.2572052,18.3266994,ebd7a556-13b7-47f7-ad61-b72810ffd593
Tandil,Argentina,-34.6645787,-58.5055758,6db54232-ae48-45be-b85a-a76694dd7de9
Doblas,Argentina,-34.7089038,-58.6427861,33c0810a-681c-40bf-9811-adcd6252c5dd
Kazimierz Dolny,Poland,51.3180409,21.9542482,c12bccb7-9c57-4ad1-8274-0e3ebd370955
Caldono,Colombia,2.7682671,-76.4215988,d728a825-1200-47b1-a380-5fa7436440f6
Medan,Indonesia,3.5951956,98.6722227,b580f4a8-911e-470c-a240-336ffed76510
Zhaike,China,36.292333,106.433445,6bbd20a3-a98e-4d2f-83e2-adf8dc1c35ee
Viana do Castelo,Portugal,41.6918275,-8.8344101,368a9f9b-b511-4e33-8d4e-1d729972dc80
Uppsala,Sweden,59.8668258,17.6537608,980bb15c-b179-4b62-973d-164944565797
Bollnäs,Sweden,61.3483795,16.3942685,ec671343-4413-4cda-8647-8e44937580eb
Qingyang,China,35.709077,107.643631,a36ea05a-79af-4fec-bc8c-7efb97cfc6a7
Santa Cruz de Barahona,Dominican Republic,18.2051988,-71.0924706,34a97094-4471-4c8f-8265-7923c49e408a
Šentrupert,Slovenia,45.9769612,15.0909889,fcba2051-891b-4133-b3b1-41dda370d3fd
Yujing,China,32.5741081,-117.0553896,e30dccf8-d4eb-4c08-9cec-671eb9b96f03
Tianchi,China,42.0107787,128.0660957,ea025fb6-0851-43d9-93d6-f4e49bc16cb8
Kara Suu,Kyrgyzstan,40.7084699,72.8781322,6f634690-09f5-4f8b-8297-de2550e98cea
Pekijing,Indonesia,-6.1240368,106.1009082,c0bd1b8b-cda1-4ebb-a671-c5070576e1b8
Uppsala,Sweden,59.8419074,17.5964867,7bbf8332-9109-44fc-80c9-b8d253629043
Brka,Bosnia and Herzegovina,44.8373278,18.7330664,8dfa667d-4123-4d8c-a95d-3691bc2e98e0
Dmitriyevskaya,Russia,45.6592536,40.7666934,6f5591bf-3d35-454b-a179-97e635a815c9
Qırmızı Samux,Azerbaijan,40.9392676,46.3748931,aeefc277-84c8-4e8b-a5d3-35c73e251766
Aragarças,Brazil,-15.8958471,-52.2516426,8c90a58a-34b2-44cf-8285-8b9637fa3024
Qingping,China,34.29922,108.490475,47a3af1f-ff2b-4423-b778-2074c4ffe230
Kamaishi,Japan,39.2674443,141.8622297,52bebb4b-61ce-4c7e-be6a-03fdd3ca4797
Datong,China,40.076762,113.300129,9a8363ad-4c18-4fe1-adb7-202a569c238e
Áno Sýros,Greece,37.4498962,24.9353935,08284581-0877-46c4-aa29-9eee14d37e08
La Rochelle,France,47.9318074,5.2893597,f691abce-6b2b-4912-800a-75d0a112215e
Capayán,Argentina,-28.4481029,-65.7905325,07b4e490-26ec-4ce7-86bb-03c31668567f
Snegiri,Russia,55.8874526,37.0330937,c12c91b5-3fb2-4595-89d0-7b6ab1c9f38d
Junín,Colombia,4.791028,-73.663027,326293b4-7ee8-4c46-9a0b-1815546fb5af
Nunleu,Indonesia,-9.8798746,124.6358702,ec946287-c0ce-472c-9405-9e32bcf7d908
Kawanishi,Japan,37.9092189,139.2162168,42c2f8e1-4fd0-408a-a2a9-336e657e8012
Xiangshi,China,29.514498,110.840021,b49b0865-fe37-4a13-b76d-23c0b2323b28
Carvalhos,Portugal,42.1041452,-8.24449,82cc1be3-e5de-4536-a982-5711fe36737b
Ciranca Satu,Indonesia,-7.03126,108.28306,b8377ba5-33df-4a8f-ac80-d53899db2dbb
Long Thành,Vietnam,10.7782801,106.9447146,60d08fae-d74e-42fb-81c5-12f1d7c25119
Paghmān,Afghanistan,34.5911393,68.9569399,272ce448-897b-45e0-b1d5-9ed4ac9074de
Florida,Cuba,21.5149423,-78.219132,73992d58-583b-4af6-a36a-d0ca9ff87aa9
Shido,Japan,34.3227574,134.1742831,d340038a-9b4b-4266-bb91-4edaef72a951
Maebaru,Japan,32.9901655,130.608934,e5e310e7-8b29-4945-b96e-17b336edfdf5
Manizales,Colombia,5.0792613,-75.4111644,e6dba0b0-5c74-423b-88d2-9d359daa4036
Pingdingshan,China,33.766169,113.192661,6764fa39-5173-49c7-a000-903b3acbfe61
Buenavista,Mexico,19.6267726,-99.2993504,1505881f-0028-4801-8a21-356b300d954d
Algeciras,Colombia,2.523477,-75.3156939,7ccedef1-886f-4902-8ce8-3e911918631b
Sunampe,Peru,-13.4272965,-76.1642459,725327bd-e94f-4843-92ef-590b3de0601d
Sinarharapan,Indonesia,-5.357293,104.7768894,76ff2b00-01d9-45de-ab7c-8d0c443ff309
Telsiai,Lithuania,55.984085,22.2373507,2564b03d-e710-4504-88e9-bd2c092ed51c
Tsagaandörvölj,Mongolia,45.79817,109.31826,4f3547a6-bb7d-4aa4-b8e7-15fc8317bf4f
Skála Oropoú,Greece,38.3208398,23.7900853,ccdc7fe3-5b5c-4e82-8717-eca6001f6776
Belajen,Indonesia,-3.3226005,119.8245506,d5e5f9c3-b1cc-47a1-bf8b-f65c570191ff
Jaru,Brazil,-10.4322235,-62.4792921,2317ac16-4704-4a5c-9dca-f61b57527943
Curahklapa,Indonesia,-7.837207,112.0574774,39020da8-4cd1-4581-8943-26a38991fd7c
Guinsang-an,Philippines,6.4791846,124.6644348,84dcd2fe-6767-4110-8d08-157dbdd7c389
Visby,Sweden,57.6271949,18.2940431,0813e784-8943-4104-82be-429864891fc5
Knin,Croatia,44.0407757,16.1964988,f86ffad5-d79d-40b7-86b1-a72b7855c0a3
Huimin,China,37.489877,117.509921,5d16890c-8d27-445f-9fd5-59d6659cb39d
Fuente de Oro,Colombia,3.3393833,-73.6300729,efcbe065-a00c-4bfa-b3fb-e3162550445c
Fontaínhas,Portugal,39.5530795,-8.339861,9c451a59-5554-4ebd-a4a4-9f33cfba6bb7
Tarnogskiy Gorodok,Russia,60.502878,43.5649824,7618a24a-17d2-4b7d-99f8-8b10f3a0c7e0
Kallithéa,Greece,37.955893,23.7020975,05ac1222-2925-467b-a7e9-f1eb1c1ce223
Minji,China,30.837881,114.13334,4e8c47da-ecd6-4ae2-9c99-be1349ef51a7
Guangpu,China,23.106401,113.459749,d7eeae4c-23cd-4149-9202-503ef9dbe884
Leipzig,Germany,51.3303754,12.40504,241ee4f7-9b61-465e-b230-6d3daf40c7e7
Dālbandīn,Pakistan,28.8837687,64.3855697,de9039c6-d8a0-44e1-a1d5-151e4f7df05e
Kitimat,Canada,54.0632737,-128.6369607,d6bae5be-4b8e-4258-b634-b5f37f677c04
Fenglai,China,37.810661,120.758848,51c9b6f8-91b2-4396-b336-ad408247050a
Fengpo,China,27.518353,118.038714,5cd66cdf-5899-44b5-98c6-39d7a5937c80
Grimshaw,Canada,45.0417524,-73.9260044,98917451-97bd-400d-8aa9-7fefbb69b08f
Shuhe,China,26.790544,99.816059,0fd75af8-0483-45c2-87f1-3dbea25ef005
Shangjie,China,34.80278,113.308961,1fb78d11-9606-455c-b8fa-21ac8a10620d
Zhaitou,China,38.569555,114.040348,6f3f10f5-c052-4396-bda8-57e172637dfb
Santo Tomás,Colombia,10.763286,-74.756499,6ff06ba6-e4cf-47be-a26e-d2ff6f35e4d6
Krajan Gebangan,Indonesia,-7.6752,114.0644,bae8770f-67ad-4bd3-9230-034491c387bd
Lomma,Sweden,55.6771783,13.0856744,5aeb3d33-de21-4eaf-9e09-79955328ef40
Chaiyo,Thailand,14.7147473,100.4358552,8ba51c14-2360-4ce4-8677-597c262bff95
Washington,United States,42.5420213,-91.1118075,86a9a806-141a-4c8f-9ba1-b254fc2e5e22
Hanggan,Philippines,14.5165603,121.2786716,03bcec2e-32ae-4736-814f-555b581dc0a2
Xinhua,China,38.05106,114.463347,aa98f481-68c9-4bde-a174-18c16afc58d7
Göteborg,Sweden,57.6893251,11.9388513,11cc65a2-77b7-4666-ba55-45617474dbd7
Stockholm,Sweden,47.0203207,-68.1435046,be8b8c1c-2c87-4e24-9d03-54748a70f0fd
Buenos Aires,Peru,-8.1448805,-79.0517936,d2af7cc3-b5bc-475e-828e-44a9d5155603
Hatsukaichi,Japan,34.3552212,132.336641,0bed6d31-5160-403f-8b1f-40a84048a49e
Buenavista,Mexico,19.4458447,-99.1497664,4203b03f-21e7-4c4f-9df1-9e79b8d0c687
Sapu Padidu,Philippines,5.9136754,125.2653826,5feee72d-4373-453f-b664-ddd2ba95be11
São João del Rei,Brazil,-21.0800303,-44.2039901,22b92013-fcb3-4e61-99a2-284a3477bc34
Zhong’an,China,36.498937,117.026653,517b4969-0f16-4bda-a24c-fd426ea4fb35
Lefkoniko,Cyprus,35.2687373,33.7405967,25d86980-2ad0-41e3-a63f-beaa7af0e929
Stockholm,Sweden,59.3203432,18.0667845,cdcf6312-65c2-4ccf-9820-16b591519645
Miaoling,China,42.896428,130.585349,366a3c64-8a89-451d-9c6c-5bbddefd6c05
Tópaga,Colombia,5.768717,-72.831906,6a21666a-3311-476c-91e4-0e287ac0a330
Mariposa,Peru,-11.403372,-74.752726,1b133260-b9fa-4d1c-a8f5-88242dcaa4fe
Croix,France,47.6252225,0.277316,81013947-660c-4d64-8b35-ddbaf25f5064
Mandaguari,Brazil,-23.4500163,-51.70451,3ac0f15b-a9e4-4015-a799-147006aec784
Kurlovo,Russia,55.4563422,40.6134152,05e0fa87-d60f-46db-9653-192ec294760e
Yerofey Pavlovich,Russia,53.9699233,121.9453937,3a921726-18d5-4f6a-9e92-e37c0a93d270
Rio das Pedras,Brazil,-22.8481591,-47.6063666,446b7b12-6c34-4ca0-bb95-ed567732459c
Shin’ichi,Japan,33.9352916,133.0604733,3b835dd2-3dec-4b78-85b3-77e8d106a985
Kristianstad,Sweden,56.0247998,14.162184,eefbd020-fe0f-44d5-8a2a-5151cf4b9efd
Halton,United Kingdom,53.800245,-1.48003,c6bd18e7-b64d-41e0-9bbf-7047444b1ca7
Roanne,France,45.161017,1.663862,2e051adb-66ba-4476-b7d5-8fe20e490b61
Joutseno,Finland,61.1174188,28.5010914,00616528-2d11-4923-9a99-586ba3da8d8c
Koszyce Wielkie,Poland,49.9776657,20.9421091,a694c8cf-e8a1-40e3-8b05-71cf277e8c90
Huainan,China,32.625478,116.999932,f5733d23-ff29-4727-84ee-20882b5ba20d
Avignon,France,43.8317876,4.3686291,7fca23d7-ba36-4e62-bd41-f4440e9ae6ae
Fruitvale,Canada,49.11654,-117.55222,0813e8f0-d414-41dd-801f-6004ef4d439f
Quebo,Guinea-Bissau,11.3410027,-14.935965,65a874c3-319b-4e52-a3c5-e048bd42f354
La Francia,Argentina,-34.5261401,-58.4973437,acc22ef1-5394-4f9f-9663-bf90a26fa557
Al Jīzah,Jordan,31.700896,35.9510312,50355d12-fc4a-4f4f-96fb-ae01a621989f
Zhajin,China,29.00707,114.246016,82be64b3-2da9-4c0b-aa84-98a93c8df6f2
Phú Vang,Vietnam,16.491213,107.7399345,b13b9e2f-c688-49fc-9d98-b8bde93057c3
Bozhou,China,33.844582,115.778676,0e3398d2-a0fc-462b-b2c3-f54b8d017897
Janowice,Poland,49.911732,20.8725617,c8d5f636-c814-42c5-aeff-046bbc66dc4d
Secang Barat,Indonesia,-7.823074,110.1576731,e589d871-c40e-47b9-9cd7-0c9c260a286f
Frisange,Luxembourg,49.5178845,6.190803,8c1176c1-52f2-4c8d-9912-b346f5e8a772
Soreang,Indonesia,-7.025202,107.5259078,db2583a4-b715-472d-a0b7-a6c3c5b5c12b
Neiba,Dominican Republic,18.9351075,-70.405585,bf5c5e47-6909-4bef-b411-22a76b257061
Gar,China,32.491488,80.096419,27698067-b230-4193-bd84-165ffb53d4b3
Dengmu,China,28.880867,92.836629,f3f184f6-766e-4820-9a94-6a9d41b1112d
Kahama,Tanzania,-3.837556,32.593828,11e60808-c856-4e70-8017-5f8a4b3ae2cc
Martakert,Azerbaijan,40.211601,46.8237055,546c601c-1234-41f7-b532-81310259ae0c
Huangxikou,China,27.845011,117.383641,2d5c4434-554d-45f5-99d8-d33d25f6399f
Matina,Costa Rica,10.21883,-83.274957,e8e6eed5-7c70-4480-b890-7f9ddb1f0c99
Elliot,South Africa,-31.312988,27.8370041,f4949d6d-fd83-48ee-92a3-dd1fa7c5db53
Dřiteň,Czech Republic,49.1409438,14.3459973,fadcdd21-20b3-4473-92a8-460b2193a8de
San Juan,Philippines,14.565668,121.0317737,b17b56c1-4466-4932-9ef5-3bcd433f45f8
Jindui,China,31.16899,121.424679,985ce34c-4ef0-4a13-98f0-93c03b03f8a1
Sadao,Thailand,7.2077348,100.595029,2bc9f07f-c212-470c-a753-b066c50f23bc
Paujiles,Honduras,15.6019543,-87.6112325,f2823972-4de8-46fa-9e1e-70c6188fb362
Cool űrhajó,Afghanistan,34.26545,67.34516,e07d3e50-2d0e-491d-b45e-6c36a2996382
Zaslawye,Belarus,54.0006143,27.276841,ccbbf756-1cf5-4197-85da-419a6d572c23
Lixiqiao,China,31.067673,121.567646,4828ffb1-8fed-49f2-aefb-71fc48e1d3ab
Horad Barysaw,Belarus,54.2144309,28.5084359,932eb4e8-6c16-407c-99dd-de25990ebf0d
Farīdpur,Bangladesh,23.573074,89.8258165,710a70e3-90a9-49a0-8679-4e7a7681fae1
Malšice,Czech Republic,49.363914,14.5786881,cc8368fc-8cc1-43f7-b963-5fbd865bd757
Ciracap,Indonesia,-7.3236038,106.4641459,0a6488c6-5473-433b-9d7f-ff6912edb0fc
Ermidas do Sado,Portugal,38.0068597,-8.385532,e7009d32-a976-4e35-ba0d-bc415512c9bc
La Valette-du-Var,France,43.1342238,5.997642,d5555752-0ebf-4132-b357-6d98ce4f66bb
Mangochi,Malawi,-14.4861733,35.253304,56edbf95-29ac-4816-ac85-1a9d5725d9f0
Kayan,Myanmar,16.9075213,96.5623251,c2e4a9f3-3583-42f6-b52b-562512c3a6f8
Las Vegas,Venezuela,9.5287247,-68.6290501,ea480ab9-5460-4e66-b96b-b1cb38ca3759
Barcelona,Spain,41.4378689,2.196618,99c0eb91-b9b3-4875-8e15-eeff5e5ffe57
Ulichnoye,Ukraine,49.2334774,23.6456444,4027f70e-8936-4c98-bd02-edfb871d42ab
Matango,Indonesia,-4.6633041,120.0141251,5a860f1a-c232-43f1-a9e8-a1899a14ef8e
Vilhena,Brazil,-12.7398884,-60.1422676,fb121278-0ca1-4d78-a367-3403a35b25a1
Sake,Democratic Republic of the Congo,-1.5631276,29.0518113,0066caf2-6842-47b2-8b78-0323bcd28642
Omaruru,Namibia,-21.4206681,15.9523622,d77a3212-f449-4f17-8979-482b964ebf8b
Anmore,Canada,49.2686175,-122.9364381,7edf0313-d109-4b98-823e-81ec9f44b76b
Vicente Guerrero,Mexico,23.7321074,-103.9832684,b8cffacb-b929-4622-95e9-39acf7b41076
Makin Village,Kiribati,3.1166667,172.8,b3c3f6cb-1622-4294-a091-cff53b143355
Piojó,Colombia,10.748716,-75.107922,d35d4e24-9108-48eb-886c-7e16a42c2ba6
Dayu,China,25.401313,114.362112,d2897c5e-986c-42af-821d-2dfc6bfc7e76
Borlänge,Sweden,60.4741704,15.4902722,3e974d56-7b49-49cd-aeb8-9d0ab337e811
Mudian,China,47.011607,90.451789,cb601aff-7080-4d5f-9c98-4e1633a7b8bb
Karakol,Kyrgyzstan,42.4782102,78.3955986,88d3e12d-c2c0-4c71-82ed-cd1f16401f59
T’ongch’ŏn-ŭp,North Korea,38.95389,127.89167,8e15b02d-f6a7-4a0f-a53c-9a0cf9dbc828
Loreto,Philippines,14.657758,120.9888316,c08e5db9-b8d1-4517-9207-c568e56a32ac
Shibata,Japan,34.705939,135.4972513,7cf37916-eda4-4a03-a15d-c38db56466d1
Souq Larb’a al Gharb,Morocco,34.68664,-6.00272,57333ca1-7311-4d33-b592-4f562effd3c6
Akune,Japan,31.9500532,130.2373477,7b3014b6-22bf-4d66-9b0f-47fdd7fa813a
Sumberagung,Indonesia,-8.557437,114.0369075,8233eef9-3269-4211-a8c2-ea53156ec6b1
Remas,Albania,40.888872,19.5181312,349b1075-ae04-4f0f-bb22-8b5f75dece84
Korsze,Poland,54.16967,21.13909,ca241941-51cc-4d91-90fb-26fa0486ac00
Qarqīn,Afghanistan,37.4202216,66.0195894,66cea315-c6dd-48bb-82bd-35653d742b03
Pasiragung,Indonesia,-7.0773485,108.4602464,6a006e11-60f9-4551-887f-59dc5b0f2eb2
Valvedditturai,Sri Lanka,9.7998986,80.1489188,b0854059-3e4b-4692-a30f-dff64c8a20e9
Batasan Bata,Philippines,15.14442,120.94077,59e91a7a-7712-4fa3-a321-85517e630a9a
Svrljig,Serbia,43.4146453,22.1271404,a0b01b78-9b58-4323-874b-f7b86a8719bf
Tworków,Poland,50.0144436,18.2125197,9cba9649-6e3b-4554-a55f-24681a9ebb77
Bayabas,Philippines,8.9800511,126.2545687,4ca50612-08cf-463a-95df-2700f2ff649f
Wang Noi,Thailand,14.2524816,100.7323332,a85347e5-2dc8-48b1-86f4-450c9dee3a5e
Husów,Poland,49.9581804,22.281877,5d6281e8-8c91-49e7-a4c4-f4263275d25a
Lintingkou,China,39.635068,117.515189,20d7b2f4-7145-4c91-b64a-cd8ee1878ade
Çepan,Albania,40.4210295,20.2616268,2099a896-01d8-4170-a723-e2c5cb182f7a
Pagelaran,Indonesia,-8.197451,112.6079459,2dd0e389-e8d3-46c1-9152-3c498f960c80
Bilopillya,Ukraine,51.149402,34.3175225,b2afe93a-49bc-4e8a-82b1-b85e43db4735
Piraí do Sul,Brazil,-24.4748345,-49.8956943,992048f7-90cd-4b37-99b7-a64c47ecbb7a
Amuru,Uganda,2.9667878,32.0837445,ef88b2b4-a64a-4c17-92e0-c4e81f7dbba3
Piła,Poland,50.555034,20.040976,227da78d-421b-40de-a3ea-33cd5803c6f9
Kanginan,Indonesia,-7.2576752,112.7514577,74952c60-38d0-4443-b5cf-1a4623ba3dd2
Požarevac,Serbia,44.6208353,21.1842054,e393c913-7722-432d-87b5-838f9c278068
Tochigi,Japan,34.7964208,132.093018,b2e62f8e-814c-4960-a4e5-db352150f6d4
Zharkent,Kazakhstan,44.166512,79.999974,6d8c077a-05d7-4c15-a93b-fffc54736f11
San Vicente,Philippines,14.7596318,121.0589081,5cdae703-360e-4741-a114-148e47c9981e
Pasrukrajan Satu,Indonesia,-6.403006,107.454927,af32a03c-dfd3-4f6e-ae82-ca0c2ea92cba
Kyparissía,Greece,37.2512312,21.6694441,60c21d04-f45c-4a8c-8cb9-bb044e438667
Bous,Luxembourg,49.555456,6.3315676,04a7cd32-3d6d-4896-95c0-0a3c35399e97
Perdões,Brazil,-21.0794915,-45.0933497,76817b83-7d4a-4082-8ed8-68ad416c0dba
Sakai-nakajima,Japan,36.2656673,139.250061,fb5c1784-ee26-400f-ae9a-d98035a38403
Jūybār,Iran,36.6454207,52.9009502,136b1056-a3cc-43a0-bfdf-a884cd7737c9
Spétses,Greece,37.2625973,23.1322437,3071f50b-903e-4a9f-90e0-45f9867cc75d
Strasbourg,France,48.5347071,7.6370168,67ebeb31-319f-480c-8bd9-6c0e1f39dd43
Sakrand,Pakistan,26.1372068,68.2667265,7631d8b5-5c0b-4ca3-a320-9d68fcd3f7f7
Maxiao,China,31.9799036,105.6419561,82071d61-ac66-4fc4-b263-439e21d9df0b
Giyon,Ethiopia,8.538323,37.973162,28ee075e-512a-45eb-b46a-79ffd8f5816e
Omuo-Ekiti,Nigeria,7.7630152,5.7247169,f77b02a7-0364-44c4-a65b-7a25dcb16360
Conde,Brazil,-7.2893545,-34.8403408,c8affd68-59a8-444e-86cd-e28b8bd0c779
Igrejinha,Brazil,-29.5700426,-50.7927755,8669b1a1-ce9f-45a7-8868-08c89b762128
Presidente Dutra,Brazil,-22.5845295,-44.0491741,fb7df018-7029-4c2b-bc83-0a7e9bac38ac
Raejeru,Indonesia,-10.4555,121.9359,a40f8684-546e-43d0-8084-5d3d0b217084
Xiasi,China,32.280756,105.513062,7f796494-9ea2-417e-985a-e47b218d94bd
Beizhang,China,36.09873,113.324384,0c2ffa98-6f33-448b-9fbd-d2883c8a4756
Motala,Sweden,58.5370785,15.0077799,46cbb182-0b06-4f77-94f3-ebaede735ca8
Lingbei,China,37.045911,111.831552,7f667368-22a9-4baa-8bba-d7c03b4544d4
Celje,Slovenia,46.2372396,15.2473699,bab65c6e-5dd8-4cdb-b6cc-9574ce14734b
Quirinópolis,Brazil,-18.4476442,-50.4551598,c6840637-2106-48d0-8d46-7776e1e54b4f
Kamenica,Serbia,45.2208633,19.8470699,37cac89b-84c5-49ce-934d-72e33a8b5e97
Huyuan,China,28.572029,109.482078,0c85debb-1f78-4331-ba64-b6009169a6ee
Yongding,China,24.723961,116.732091,5b7957a8-58f5-4580-850a-93155e07f72c
Centre de Flacq,Mauritius,-20.2029069,57.7289398,ba578c52-8e30-4716-9c83-588fc9ec8e3f
Sadananya,Indonesia,-7.268358,108.3237655,b16546c9-f365-45c8-b2f6-676d7f28f54d
Cikalong,Indonesia,-7.45,108.033333,c297cd3f-0c1f-4ac5-aef1-6152cfb5449e
Pathum Rat,Thailand,15.6338588,103.3421371,24853696-874b-4263-8b55-30bcf7ec8c9a
Weekaka,Indonesia,-9.5666396,119.2206059,86899565-95c1-4b4b-81a9-a217e8ada6b1
Krajan Satu,Indonesia,-7.3743397,110.2648159,a95aafa9-2a4b-4a17-b50a-5698e1fac76f
Guápiles,Costa Rica,10.2166111,-83.7819816,89ccbcb6-fe56-4175-8242-8ca97729e097
Kýria,Greece,41.099,24.28915,0ada600b-56b9-4eda-96d5-56a35e0f68b4
Mary,Turkmenistan,37.6092461,61.8643252,b733653f-3346-44bb-9966-6a8176bc03f8
Miaoli,Taiwan,24.560159,120.8214265,9f345038-0b9d-4462-96a0-c37563136424
Terra Chã,Portugal,38.683925,-27.27226,d20e8a04-3ac1-4e1c-8f5c-47a8ad26d497
Árgos,Greece,37.6351721,22.7288576,7b16f246-5868-4d05-b2de-9cfe2cdc83da
Borik,Indonesia,-8.8228841,120.2570421,0b61c423-653e-4d47-ab2f-cde2e39d66af
Zhangxi,China,24.808198,118.03177,eb010e94-67fc-4c8c-a14e-6f11801ea278
Philipsburg,Sint Maarten,18.0295839,-63.0471371,29fd29b8-1127-45a2-8c8d-75582c96d3ff
Quartier Morin,Haiti,19.6990411,-72.1579033,97870750-1250-4c45-851c-d81cf1c707b4
Třinec,Czech Republic,49.6579309,18.7059561,2b8751fd-92b9-4247-9028-8842cb5252fd
Karvia,Finland,62.1331515,22.55812,6d534437-bd9f-4632-a74b-eda31274a49c
Kedungtulup,Indonesia,-6.8180048,111.2695981,0a1e7971-0a7e-4f96-8b44-dd414a851f47
Helmsange,Luxembourg,49.6633939,6.1317337,2d017a07-c92d-4f3c-97a3-824bd8e7e816
St. Thomas,Canada,42.7665598,-81.1747498,9caf8aa4-a339-4b3e-92f6-b67bb1fc60e3
Aqaba,Jordan,29.5320522,35.0063209,9fba886d-af05-4289-82cd-30044769804a
Saryaghash,Kazakhstan,41.4636032,69.1809574,3ec54e9e-e0bd-4141-8ac9-6f207aff7f1a
Hartswater,South Africa,-27.7557025,24.8270745,c49c3557-a2b0-4174-a4bf-102b3fe38f96
Pandan,Indonesia,-0.358417,100.219498,beb8e15a-6284-409f-b9a1-b2ad47693be3
Dadiya,Nigeria,9.616419,11.43472,8fec2ab9-c15a-466e-9932-7a875b1a6b5b
Pantaihambawang,Indonesia,-2.6488408,115.328206,ff7a17be-d499-490b-8d60-43f72a92dc5c
Zhugentan,China,30.493506,112.906645,96336002-8255-44aa-bc30-76a63b8e7a32
Monte Novo,Portugal,37.3716902,-7.5934261,f7aad018-6aff-4be3-8cc2-31357419ed29
Oslo,Norway,59.9026039,10.767309,4b81c364-806f-4d28-b55a-bdee8bb1181d
Zuhu,China,39.732646,112.040028,5e6e780b-37f0-42a6-822d-f23012355896
Lakki Marwat,Pakistan,32.5815145,70.9099184,43fcc73c-11fd-43ce-b539-07b0b82111cf
Old Kilcullen,Ireland,53.1310185,-6.7449927,6055572b-b5eb-4a46-a2c8-5adf564653c4
Bačka Topola,Serbia,45.8144238,19.6379551,e277ea93-2243-476e-a2cd-db71d87ea362
Gumalang,Philippines,7.1962805,125.4078017,94172462-bef1-4f5d-940d-29bcc15b22ad
Yajiang,China,30.031533,101.014425,f8a0ed31-c225-4dd5-92b9-b8a1f66861e4
Horodok,Ukraine,49.7821352,23.6611306,38681494-c92c-407d-92e9-71f45334c6c7
Kadukandel,Indonesia,-6.4334,105.9098,5858f7c3-3e3d-4044-a601-b43f5429bb2c
Cartagena,Philippines,14.4437285,121.003315,acce8098-a02c-4234-9862-900273bb571c
Taloy,Philippines,14.5514305,121.0092101,77b2d399-b833-4587-be7e-2e4e3f5b6c27
Rostock,Germany,54.1463269,12.1186173,babe77a5-ba87-4eb6-9acc-ae5e5874bb7d
Xinglong,China,40.417358,117.500558,65663378-0aaa-493f-9e29-1384e488ce2f
Erátyra,Greece,40.3418956,21.5118754,5ab118b5-edbb-496e-992a-3e6f238e9794
Maradi,Niger,13.5009779,7.1036396,9bfb7a9a-b0a4-4864-a0de-b297831c9a05
Hanban,China,39.951705,116.3785,8a3004bd-a67f-427a-b991-8a9659217bc0
Basa,Indonesia,-8.820271,121.909401,5e0a0923-ec90-40a1-b4b8-faf5b7f285d6
Effium,Nigeria,6.61476,8.0410634,ea643c24-eab5-4ffd-abde-2fdb72a681a2
Río de Jesús,Panama,7.9819727,-81.166481,944b814f-3110-446e-83d8-19fb0cb53b78
Banjar Sembunggede,Indonesia,-8.512723,115.0906448,4cb39a80-485b-4b2a-b1a1-864b02a376a7
Ciladaeun,Indonesia,-6.615755,106.4111425,2355ed6e-c270-4846-ab9d-1fe4a18484db
Tomobe,Japan,36.675439,140.6715934,8ea4fa0f-e0df-4afc-9aac-dfbd1160f5b1
Berendeyevo,Russia,43.9480111,39.3104788,a6361e46-a2c5-4ff4-9a47-03fb11d0f194
Narol,Poland,50.3490504,23.3268124,39069651-6089-4ca2-b3f8-823b09ba5b1c
Sara Kunda,Gambia,13.533238,-15.412011,180f0aae-06b6-4ea6-96c9-792d5c482af2
Wesoła,Poland,52.3287247,21.1718237,da6b7ff1-0725-452a-afcc-7f83b43727cb
Tandil,Argentina,-34.6645787,-58.5055758,cc80e955-b35a-4967-a49d-ce4df6c8fba4
Qianjin,China,46.814102,130.375062,de86e4f5-ee8b-4b07-81c0-135d907e380f
Alarobia,Madagascar,-18.8741144,47.5152684,6a8337bc-466d-46c9-abb5-e3b8c2471723
Biloxi,United States,30.4111518,-88.9198322,e6f2ec91-b23a-4164-b788-7f3ce342e2fa
Lahuaytambo,Peru,-13.2583689,-72.2642679,164f6db9-f960-4c87-9ae4-923e319d2dd9
Lalmanirhat,Bangladesh,25.9923398,89.2847251,df29c043-fb45-49c8-928e-c51c924628d9
Taiping,China,53.3004898,-6.2634596,4380cb28-066a-4d44-b11b-406fd7cd6a99
Stepnogorsk,Kazakhstan,52.3518344,71.8852785,a8e359fe-d546-4b54-bdf6-58339f8b3a36
Pointe-à-Pitre,Guadeloupe,16.2676129,-61.527249,9833fcb6-cfa0-4f63-a88d-8b6b30fed2da
Arevashogh,Armenia,40.852747,44.2741475,7cb4574d-34f9-4369-911d-070bb6ad0cb0
Kastrat,Albania,41.321246,19.470567,ea005676-157f-4379-9841-8f3afe31140a
Ngkiong,Indonesia,-8.5735243,120.6602534,612fb418-1da1-44aa-a707-dfc1496878e9
Ribeirão,Brazil,-8.5135139,-35.3747515,227b212f-81ab-4db2-957b-3dabddc25125
Atalaia,Brazil,-23.1157079,-52.0851258,6795bede-4034-4ddb-9905-18c14405f831
Perho,Finland,61.5928356,24.5915028,ee3bab75-11bb-4bad-9d3a-a73bfb90063e
Cikaduen,Indonesia,-6.3947391,106.0081819,ae47591d-590d-4bb9-83e0-4edee6a812e4
Pasirpengarayan,Indonesia,0.839501,100.2880581,a20bbbf9-1579-4226-a08d-0b9d3b50f402
Abobo,Ivory Coast,5.4328871,-4.0388918,4e24bb06-2f52-4bb7-ae1b-4b47259cd607
Virolahti,Finland,61.722009,23.3256027,1be25c0d-1f19-44a2-a086-ec259e6e96b7
Bloemfontein,South Africa,-29.1110188,26.1862067,e6048d0c-fa42-4e54-b93f-61d632f63432
Cotaparaco,Peru,-9.9935309,-77.5862992,4a037c8f-97d6-4b20-9e75-218519282b1f
Poniatowa,Poland,51.192893,22.0650878,e4607c45-1530-4bf7-8cd7-98368472e24c
Umm as Sāhik,Saudi Arabia,26.6519555,49.9123454,571d49fd-1d0f-4cfd-87aa-25c1031d79cd
Hehu,China,31.199997,121.461114,5d952e76-1356-4c3d-b61d-35d552c2b618
Woken,China,33.9498503,-117.636429,66286f7e-e1de-4451-9da8-bb88d4b8ec35
Morazán,Honduras,15.3179065,-87.603826,9750d961-eb11-4be8-b227-edecceb11fab
Kraśnik,Poland,49.9637141,19.9370144,f41941c3-fb63-4395-9f03-da2815696447
Cayenne,French Guiana,4.9237913,-52.3205637,2b744c34-6483-4a28-97fc-7c6ea04cfe08
La Tebaida,Colombia,4.4339677,-75.8185314,483af33f-80ea-4631-b57e-8c6594ccd5f1
Panikihan,Philippines,13.9314921,122.0915082,7c0eea0c-0c82-4a23-bb08-a4a0d91c9620
Spárti,Greece,37.074461,22.430264,49f59b5c-caa3-46d2-a4ed-4704280c8ee8
Zambujeira,Portugal,39.2682845,-9.312494,669e78e9-4b12-45b4-bccc-e4c574e9dd76
Cibeureum,Indonesia,-6.939897,106.9506175,bfbad80b-58a1-4980-becb-56ba6dad1ff3
Wangdain,China,28.9141178,120.0531443,792a4653-9ff1-443f-8992-59f4ac5de5af
Caxambu,Brazil,-21.9703146,-44.9199695,c98dcb5b-06ad-47ad-8270-952092ebc7f3
Lins,Brazil,-21.6733002,-49.7471388,de78a6f5-cc31-4c60-bd0d-22e91f6cc1b2
Kelasuri,Georgia,43.0225426,41.1157847,c9445a0a-a773-4198-99e2-07c8e2c209ab
Остров Пасхи,Chile,-27.112723,-109.3496865,8618765a-d7e1-41f2-a660-d65b1e010c94
Jinguoping,China,30.289195,110.224358,8a30a6e5-48ec-4ea4-8365-703f80d9570b
Gorodets,Russia,56.7577875,43.5378796,900a2012-39be-406d-a41f-b45eb22de2ff
Sukadana,Indonesia,-1.2468663,110.0926112,04929249-4f8e-40e4-88fb-e984efcb523a
Wonokerto,Indonesia,-6.86277,109.6222698,affb697c-c434-45c9-ad1a-edec59fe5972
Hopetown,South Africa,-26.1353484,28.2949405,9145ec3b-77e9-4754-98f6-ddbcc3a5af2a
Laguna Salada,Dominican Republic,19.6478178,-71.0998393,0aad7f6c-479e-416b-89c3-f01928477baa
Jinbo,China,28.5009486,121.5101004,bb9e60e8-0b10-4203-9fb7-162f0f6717e6
Nancy,France,48.689836,6.17445,8c7816ac-968a-48a4-a8c6-dc70898176b1
Gaoping,China,35.797997,112.92392,83fdf794-7b2a-430c-87be-bbf04efdb2ef
Tieli,China,46.986639,128.0324209,9dd127d7-e0a2-4306-b9af-40f4896e8a02
Zaandam,Netherlands,52.435251,4.8501344,0a124c0f-71d5-489c-af27-8cfa3ce8deef
Anh Son,Vietnam,18.9688054,105.0557415,af53059a-9031-4359-bcca-199b7d6357a9
Sukmoilang,Indonesia,-8.2631,113.8575,d23f0d9c-77b0-4cee-b3d8-6776d9da43da
Nanfeng,China,27.218444,116.525725,df09a00c-060f-43be-8702-710c3333f9f0
Jieshan,China,30.830898,120.92585,7ec0e638-832b-464e-93e1-bc1bb1bfd69c
Caparrapí,Colombia,5.4829423,-74.4604064,480f63fa-1004-426e-8b2a-5f3849114e36
Boroko,Indonesia,0.9073068,123.2559847,69382ee0-a9a4-4d1d-9e94-c61cde6f1c0c
Gornje Živinice,Bosnia and Herzegovina,44.4280906,18.6066275,55c3c95d-d8db-4082-8629-7be8a2b4cf65
Montemor-o-Velho,Portugal,40.1721605,-8.6867786,88e9df82-f091-40b9-b9e0-8daade8a14f4
Abaetetuba,Brazil,-1.677582,-48.9605972,3d40137d-b187-4bfd-a109-8f5355335765
Faeanak Dua,Indonesia,-10.7964,122.9437,45ec6f33-4dd7-48de-9947-0158e556ac82
Novyye Cherëmushki,Russia,55.7,37.58333,103c198c-b659-49dd-b58d-f3cfbe96c1b3
Masuguru,Tanzania,-11.3462099,38.411369,42cbd249-15ce-4226-b982-b1bff8bcf904
Quintong,Philippines,15.9593855,120.3136265,ac9fd0e1-93af-478d-a652-d918f8bb1e81
Alor Setar,Malaysia,6.1244023,100.3674801,3f8a5cc7-a4bb-4336-9904-4397722e59fe
Caseros,Argentina,-34.6126133,-58.5677879,9787ab40-aa52-4f9c-b7cf-3b8bb1adc740
Kermānshāh,Iran,34.3276924,47.0777685,12a5ed03-5d6a-471e-ac0b-7f294533254a
Mazańcowice,Poland,49.858677,18.9770856,4e75650b-1b74-4a29-ac75-c62a693d1187
Brnaze,Croatia,43.677427,16.6565678,488e316e-743b-4181-8da5-e4541b3edb93
Teutônia,Brazil,-29.4799379,-51.7994632,b2b9dc94-835d-46ec-8d9e-d090de3d00d0
Charlottenberg,Sweden,59.884842,12.2993128,9aa00faa-25b4-4f1a-99a8-1f9db25e864b
La Sierpe,Cuba,21.6495224,-79.2451149,4341dfca-1231-4b26-bb75-e53ae6771684
København,Denmark,55.6795223,12.5752968,eb21cad4-dcc6-4b2e-81e9-d9b97063d02e
Shigony,Russia,53.3326761,48.6446327,44f5929d-f950-43c1-8a4d-97a0f9f9d3f1
Guaxupé,Brazil,-21.3054884,-46.7084932,116fad8a-251e-41ea-9a2d-0c1261e708ae
Kilifi,Kenya,-3.5106508,39.9093269,6ee81714-5ada-4e7f-b323-1edfff3f4e50
Wangjiachang,China,39.142026,117.212606,905cc93f-8c28-4473-8740-8c66b22e99e3
Paseyan,Indonesia,-6.8713485,111.639243,97dc4db5-5917-4846-b420-a9ada52b6665
Gorjani,Croatia,45.3940354,18.3826102,d3bef2af-b439-45ec-a01c-6a02b16b3528
Bayang,Philippines,7.743026,124.210303,9c566cf1-594a-4bcc-af20-4a6af55ede4e
Lagny-sur-Marne,France,48.9097908,2.7104352,25d275b6-9623-425c-b270-a5b31b172204
Lamovita,Bosnia and Herzegovina,44.9286321,16.9119159,a1287d5f-8062-4fd6-af7d-53269ddf3919
Nakajah,Indonesia,-6.9458,112.9113,56fc163c-c21d-4291-8be1-f13118ed7773
Cravinhos,Brazil,-21.3407385,-47.7352517,9df8db90-3ae6-4056-b831-351335e43b59
Zheyuan,China,30.7603427,120.7556573,72680221-2fad-452d-8cb5-866a0d64daf3
Agudos,Brazil,-22.5698961,-49.0817124,3a959345-e75f-4d54-b07d-941fbf072590
Phayao,Thailand,19.1601844,99.8571416,9356cba7-4422-4bb2-af7f-9c317554bd24
Intibucá,Honduras,14.372734,-88.2461183,e5116d78-a3c6-4903-bf2d-ca807e5e5dab
Canchayllo,Peru,-11.82198,-75.730667,bba82de8-6a9c-49c9-be5c-121c1bfba869
Liliana,Indonesia,-9.7040122,124.1114621,6024337f-ef93-4a27-8ea7-054282a5ea26
Devesa,Portugal,41.866056,-8.4064036,fb48660c-7a6a-4157-bdc2-857ea16f8cb0
Chacapalpa,Peru,-11.72447,-75.773888,ef988e58-0ced-41c9-a243-ebd48b5383cf
Yong’an,China,25.941937,117.365052,2cb52670-c43c-4a42-a93f-dea0b7e03f3f
Seymchan,Russia,62.930833,152.385,9a830d68-5bda-4817-aa2e-cdccc31ad8c4
Maroua,Cameroon,10.5925289,14.3210095,9f85f6b8-1a0e-42b6-a162-a2e02fafde7e
New-Richmond,Canada,48.16059,-65.85823,699a3d1c-2c60-491b-a8a3-5052edc85c4f
Wangdain,China,28.9141178,120.0531443,09730872-372e-4eca-85fe-120df96a6f74
Goya,Argentina,-34.3048508,-58.7739249,a2fa025a-70d3-46cc-b7b4-76a9605ef0f1
Kiernozia,Poland,52.2552455,19.8684556,2993a3cd-8d08-47e3-a6a5-2bd0c7f8468a
Bamencheng,China,33.347316,120.16366,fae7c4f9-dcae-4c4e-ba46-4349cb133cf3
Nîmes,France,43.8447278,4.3520438,6e40deff-e4af-4e9d-a834-8593f1292be2
Gangkoujie,China,29.724842,115.788192,4fa0fa5d-387c-4728-9a02-0f08d59f6983
Gio Linh,Vietnam,16.9165711,107.0303221,55b6d16f-ee6e-4eeb-807e-80e9fe429d60
Cadiz,Spain,36.5052612,-6.2761016,ffaf063a-f6d8-44ff-9326-5ac3fe727208
Ajax,Canada,43.8732498,-79.002342,4c3d2d66-10fc-4f2d-9b7c-9bbf3451c239
Nariño,Colombia,4.398278,-74.828718,1d3dab70-0706-4631-8147-4c1dee585ec7
Hadano,Japan,35.4114708,139.1499529,b1e9718a-844d-4925-b678-15d2eba7bc86
Jalgung,Indonesia,-7.01771,109.5463954,b29f76fc-9dce-4cbb-b459-e2c56e09a9b6
København,Denmark,55.6646665,12.5436481,601febc4-ef42-4774-a737-d1227e729295
Krajan,Indonesia,-7.5450262,111.6556388,2794275d-0832-4256-a5f1-37c3b7b65248
Chuantang,China,24.162165,114.945555,9dea1f20-231a-4720-85a5-8728813a3d5d
Arnhem,Netherlands,51.9913857,5.9372731,60a7405e-ac9c-4830-a842-6592ec8b8c37
Gaio,Portugal,38.6714312,-9.003566,7c34eee7-23f1-4be3-9c9d-f456a6e3a5ad
Shirahamachō-usazakiminami,Japan,34.7757093,134.7206721,76c4e904-6b14-4e56-ad64-a8d7e477259f
Yokosuka,Japan,34.6830797,137.9865313,f5ce8115-6491-4473-a738-df441a9e3aed
Rambatan,Indonesia,-3.129696,104.204716,73018fb0-45dd-4f7d-95c0-c9d4bcd581e2
Kertai,China,46.900546,124.214976,1a75a748-fed4-41b3-a46d-4d2510d593be
Pandanrejokrajan,Indonesia,-7.9780918,112.8007246,31b8cd31-80d8-45bd-af6d-7b50cea69bcb
Santa Bárbara,Venezuela,7.8129929,-71.1745579,640a7708-f642-4e16-aeef-5226f176013e
Binuangeun,Indonesia,-6.838862,105.8844726,9312fbbc-6766-40d2-9223-6a486cbe65bb
Nusaherang,Indonesia,-7.0142083,108.4335393,4bf4aba0-6fe3-4571-91c8-ceea7f53800b
Toyonaka,Japan,34.1228075,134.5990156,81b5701c-9f80-4d15-92cd-4e72e8411b0c
Burla,Russia,53.3347847,78.3407084,1a3b0c4a-b9d1-452e-8a5f-dba7c92d4d12
Ipís,Costa Rica,9.96752,-84.001624,19902f84-a016-4669-af39-788a9aed1790
Bang Lamung,Thailand,13.0427506,100.9345401,0fd532d7-a069-4f72-8b66-77e89213a731
Baqiu,China,27.5558363,115.1613612,6c90992d-c38e-46a6-9d0f-3caa4b34da6b
Mulyorejo,Indonesia,-7.2723024,112.7837381,11c2a8bf-6e11-4bb7-b2db-64123fee0b7d
Pag-asa,Philippines,14.6020624,121.0161088,ef667525-b247-408e-b9a3-3fad8f6e747a
Tiandeng,China,23.081394,107.143432,94cf3f9a-e4ef-4b98-862a-941d9f1ec360
Sneek,Netherlands,53.0353444,5.6840137,ab128b38-96f4-4a31-870a-15e39cf3a0c7
Kiten,Bulgaria,42.239717,27.776119,0e1867ee-fa82-4e37-800d-b9e29af9a3cf
Himanka,Finland,64.0615492,23.6542166,3192afbb-1046-4a6e-aee7-0eae05b76ce4
Darenzhuang,China,39.685846,113.903634,fed59d20-3703-4ef5-955e-18918a4928b1
Sóc Sơn,Vietnam,21.2573126,105.8480203,6b457ef8-c62e-4045-ae75-595f0323370d
Kolpny,Russia,52.2183563,35.2154784,d5387b6a-9628-494d-bff0-1c7ac3bb0b4a
San Felipe,Peru,-5.770584,-79.313438,a68d33d6-0f0d-4cfd-83a4-7e71d06908bc
Bahe,China,32.809026,110.112629,703221c3-191f-4990-90ea-1f21a76a141e
Cangkreng,Indonesia,-7.0428799,113.8019562,6e5aa61d-7486-4a6c-a717-2806db225c0c
Havtsal,Mongolia,48.6618569,91.339774,4d04e76b-baf9-42c5-97d5-4f11a015a3d8
Nueva Esperanza,Mexico,25.7988666,-100.3926054,19389f54-990f-4a4f-99d5-4fb3291e563c
Podgórzyn,Poland,50.8290137,15.6741931,6e68932a-e2a8-429e-bd42-2794e4252c9d
Marhanets’,Ukraine,47.6489237,34.6105197,74499f20-8bb3-4b77-a06d-614d9923aa4a
Wrząsowice,Poland,49.970045,19.944654,68c8299a-294d-44a4-a370-db159fb70699
Strum,Albania,40.7511134,19.7398213,09f46ab1-bbde-4cb1-be31-180f812cab3d
Kombandaru,Indonesia,-8.7876456,121.6029824,a9011197-bce6-4a5d-902e-cd18d33036f2
Sijing,China,39.9041999,116.4073963,97926281-1f4f-4a83-9f65-a718d536bf6c
Agago,Uganda,2.925082,33.3486147,e1537b80-8c91-4532-a3c5-e7786e27d6bd
Pokachi,Russia,61.7267327,75.333769,f17859fc-a433-4e37-9e10-abd35c808dfd
Qaffīn,Palestinian Territory,32.433378,35.0843,23e613de-f924-4bcc-8531-14d9cc920384
Kista,Sweden,59.4050955,17.9551008,675a1561-a32d-42b7-bb83-08990b5d00f2
Duraznopampa,Peru,-6.5581455,-77.815285,5cba9eb4-588a-42ae-8a81-e0cbc505ce2c
Karungdong,Philippines,5.093026,119.808662,da620357-92c0-4ae6-8850-8ff9758cf8c2
Shufeng,China,-33.7677679,150.825109,f5aa06dc-7310-426a-9eb6-ad0a4d8d7cbc
Baicheng,China,45.619588,122.838826,3477dd9e-3923-4f35-b28f-79289ec3c737
Copa,Peru,-10.37092,-77.492203,cc114ada-59d6-4440-a10e-c2ad940b97d1
Liuhe,China,42.284605,125.744735,0ff459fd-94be-44ef-a90c-9520b180fccb
Sanmiaoqian,China,28.976995,116.762907,d87a8770-6573-4e5b-adc4-58b8cc49a995
Aqqan,China,37.3,85.5,49326bcc-d7cd-42e1-9604-1dcd0d95d971
Jiabeiyan,China,40.338328,119.73214,4ed6e9b4-d79f-48db-b993-4b8b183f5d6b
Andrézieux-Bouthéon,France,45.521777,4.2552114,70e317a7-1e62-4cfc-9f67-742a54eca520
Chenxiang,China,22.669716,114.026395,c2f8cdeb-cf16-4682-9573-9fb25db41c7e
Mloko,Indonesia,-7.3608928,110.1726465,55eb543e-0dbf-4dd0-8ce7-3a7b088fc7f6
Rajal Norte,Philippines,15.44485,120.86256,00851bbc-4fd0-4634-a4d4-d17208a2480e
Pueblo Nuevo,Peru,-7.1916713,-79.5139718,9ad833b3-3abc-44cb-a5b0-b5d8babbf4ca
Huwan,China,31.680023,114.576901,05e92abd-690c-47d7-a5d6-2eb7b12c25a8
Paris 20,France,43.4945737,5.8978018,49db48a5-6fff-4cf2-8325-55dd7a875de3
Toroy,Indonesia,-6.1923925,106.8218403,8fb0fe20-e5b7-47dd-8f43-5b2d1562e925
Limulunga,Zambia,-15.133391,23.1530897,f5ad8388-9a93-4e51-9fef-011a67f97fcd
Tierra y Libertad,Mexico,31.707237,-106.45163,14635228-1b62-41ad-a689-275ef1491126
Stakhanov,Ukraine,48.560407,38.6487184,0e9246d3-8d7a-4324-aeaf-8fbf0063ddab
Lapaz,Philippines,15.3817945,120.7080369,d0a3c02b-eaff-4e68-91a2-fc936fe0e1d7
Trąbki Wielkie,Poland,54.1697058,18.5399044,6691ef35-42cd-4f60-b8e9-2f542f851c3f
Youssoufia,Morocco,32.2438426,-8.5226706,b7bd5fdd-a955-4979-b77e-fb49bd5171ae
Karanganyar,Indonesia,-7.6387228,111.0460407,7e80c756-6ddb-43d1-8d93-fcf0eb3709a5
Tabuny,Russia,52.774987,78.808874,95162dc6-b197-421d-a5d6-c3462be2e8a6
Kashiwa,Japan,32.7423216,131.178836,b1b28482-ff28-49d8-88ba-ab3d60433279
Bobolice,Poland,53.95494,16.5876701,c985a6a7-b1e9-4208-ba21-e7243409956e
Piteå,Sweden,65.2958948,21.3194467,43e04896-929b-474e-bc23-7d628e5f94a4
Pieniężno,Poland,54.236292,20.1285899,bbadd5ed-133d-4a33-b25d-6cc702ef8cdf
Bogra,Bangladesh,24.8435589,89.3701078,0aecc4e0-f56e-4f1c-9962-eb30351dea78
Tubod,Philippines,7.9632405,123.8751554,7cb17cd0-1504-45ae-8729-7287249709e8
Ozamiz City,Philippines,8.150969,123.8502563,cd1a1599-2ff6-4e16-8b56-6a149f3a43e1
Al Fujayrah,United Arab Emirates,25.4110762,56.2482277,88c493f4-a997-46a4-bdee-b5df1d7f1651
Nikol’sk,Russia,60.0209443,44.9318159,01fb7caf-3792-41c4-b95e-bcc37cf64d5d
Tangkanpulit,Indonesia,-8.6603,117.1735,919b678a-fbff-4d25-9d4f-c5dcb5f3012b
Mahébourg,Mauritius,-20.4059505,57.7034222,1fec113b-7839-48f1-8903-f4474653cc52
Avellaneda,Argentina,-37.9973752,-57.5825246,5b450fbc-b595-4790-9e9f-3ca823b4bd60
Nombre de Jesús,Honduras,15.3749395,-86.6850292,4e726479-da29-4abf-9025-68f15707607b
Yipeng,China,26.634672,100.23509,5ccd14d3-df9b-4f0b-b2d8-a7481bf78ece
Lusacan,Philippines,13.952977,121.341718,c030f94f-85c4-47ee-86c9-201fdaa0586d
Zhoukou,China,33.626149,114.69695,14fa925d-d0fe-48fd-bcdc-293ca6d6fe14
San Javier,Uruguay,-32.6626805,-58.1295074,b167f2e5-4f5a-4b38-9ec3-bacaecf1085e
Baitao,China,25.66788,110.547966,7d82328f-d9e9-43ed-9504-9e031b2d4b1c
Baishan,China,41.933917,126.422806,4469217b-4a8b-41ba-b0d8-39a44188541f
Jiantian,China,26.731743,115.622147,6973a1c8-5ac5-403c-bdea-191781f02a99
Ligang,China,31.919897,120.085146,62c67390-5c29-4436-b319-8ab0d71873c2
Hamburg,Germany,53.5830905,9.7537598,8a454978-adb8-4496-87a8-cfbd0b5caa28
Ustyuzhna,Russia,51.3100484,156.9842018,2a42bced-03a8-4b03-b915-58f1a6fd5b00
Banī an Nahārī,Yemen,15.63981,43.55633,1e6527c9-6549-4692-ad12-281c7f007bfc
Rowotengah,Indonesia,-8.1450324,113.400216,e13883ab-651c-4fec-8ed9-3d9b2612ded9
Chishui,China,28.590337,105.697472,fe51c8b4-2ed2-4682-96ab-dcf0fa56e7f5
Skhira,Tunisia,34.2976247,10.0751331,dc01fba4-39a0-4299-be39-b8f6b94aed07
Tuanlin,China,27.939395,104.622995,948be945-37b9-4a38-8872-06ddc077d557
Wolomarang,Indonesia,-8.618134,122.1916328,27cc54a5-a258-4929-8bbf-ab188e9e165a
Baton Rouge,United States,30.4,-91.08,4fc6b920-0662-493b-8384-13ae85ca66a9
Kināna,Sudan,14.0361,33.1712,3bdde4f9-a72d-4fcc-b6ea-de6e1f578795
Arauá,Brazil,-11.2780052,-37.5747647,746c2073-946d-44cc-a5f9-c637a948c89b
Jangas,Peru,-9.4004209,-77.5777031,e5999bc6-bad8-4d04-9f11-9268c681a2f1
Belén de los Andaquíes,Colombia,1.4188947,-75.9230976,cf010e36-9fc0-4b30-bb85-01a84fc99bf3
Kotanopan,Indonesia,0.6488335,99.745565,3d233217-b160-4f12-bccd-3c609ddadc37
Aquidauana,Brazil,-20.4670046,-55.7872944,0623454e-b8ac-4a96-9b8b-97b2ed901d1b
Bantry,Ireland,51.680591,-9.448724,ccabe466-d078-4426-aae9-4ba6cb3ba658
Kebonan,Indonesia,-7.355927,110.6422198,b132c102-203d-4e24-982c-0fcc60e73710
Antalaha,Madagascar,-14.9061237,50.2785486,ba64c12f-325b-4a52-a56e-b63cd4c5b1b6
Karlskrona,Sweden,56.1993557,15.6309078,12793ec8-a720-472d-8d9f-7315861844f2
Luleå,Sweden,67.1356306,20.6831751,7cebfd1c-4be2-4911-ac8b-5462a32506b8
Tieba,China,35.0032213,102.913526,f9d96683-08d8-412f-8fa9-7b7c2f445dcf
Chalamarca,Peru,-6.5139395,-78.5185197,bc10a94c-cde7-4bba-806c-9f70b295e0da
Porto Salvo,Portugal,38.7157106,-9.3069187,912f8adf-81da-491d-9abf-3ec99c85c167
Konso,Ethiopia,5.3404492,37.4387894,5774b8f5-eecb-4cb4-b156-dd1c550a1761
Krebet,Indonesia,-8.1061859,112.6407229,5e4f4382-6b32-444e-81dd-a86e14865e42
Carepa,Colombia,7.755354,-76.6554309,c0169ea0-7259-4844-a41e-d5e8c79d831f
Chechen-Aul,Russia,43.2003718,45.7880956,d533d1a3-f319-42c6-a232-96402046d99a
Bāzārak,Afghanistan,34.55,70.55,860d3545-192b-41b2-a80b-ac8d1aa5f5d0
Borås,Sweden,57.7119589,12.9890358,cf1ab446-42ae-441e-991c-8b01c67c73e2
Abelheira,Portugal,39.282307,-9.3084342,0158b311-d22b-4064-831a-4f533234817e
Brody,Ukraine,50.0788069,25.1478942,4a6f00aa-0e0e-468f-8212-a7eccad0c93c
Junín,Colombia,4.791028,-73.663027,f52acb20-dc32-4fff-9f6d-7135bf95a470
Troitskoye,Russia,56.3035039,36.4948768,7be288bc-ccf7-4027-88c7-f71462541e7e
Chilly-Mazarin,France,48.7037515,2.3056035,31c9dbbf-8a4b-4ff3-8409-73d88744dbae
Lianshi,China,30.706999,120.421784,e4ee4edd-4712-4ee2-acb5-a0f48acb541f
Caicó,Brazil,-6.4696439,-37.0829593,b6fe80da-7d84-4935-9008-367df1a11e71
Cartagena del Chairá,Colombia,0.9463536,-74.4994517,4457a5e3-9412-4c10-8564-fd18e5bb509f
Voiron,France,45.3639886,5.5949365,e12ee9fb-8be1-45b8-b796-cc60fac3f57c
Uppsala,Sweden,59.8088101,17.7010227,987d6892-7031-4781-ac83-ae7550a10245
Linshui,China,30.334768,106.93038,a9124ee1-a419-426c-9247-0168f9359230
Jianjiang,China,24.781681,118.552365,7d9690a5-38b2-4571-8138-bffb518572b2
Shanhe,China,31.2303904,121.4737021,5a544c84-2e6a-4c3b-bb22-dbf4ff090ded
Liupai,China,39.957737,116.363671,b529be7d-a7c2-4307-a27b-a13444238dc4
Fao Rai,Thailand,17.9894712,103.2894368,e4a4f0fc-562e-4de5-a61b-07100078a4fe
Paynjuwayn,Iraq,35.6238725,45.9491482,113b5381-9798-4446-aa63-1c19cb717e53
Brikama,Gambia,13.2747943,-16.6409198,534638f3-7e02-4e5f-bb7b-2abed0ce7510
Dula’er Ewenke Minzu,China,48.851792,123.810261,888d7073-6abd-426c-8f45-07823d977588
Bystré,Czech Republic,49.6284572,16.3467929,84f612da-77e0-460f-9cc7-57353728c3a7
Pélla,Greece,40.9148039,22.1430215,ed1f6923-a1bf-439f-8842-f855372344a0
Cochadas,Portugal,40.370514,-8.7330787,be9be58c-5c87-4892-9416-928f8b69d675
El Coco,Panama,8.8702881,-79.810063,45e172e8-2fc5-4e3e-a518-15c70e97ee7e
Watuagung,Indonesia,-7.9954685,110.9417222,80f91afc-ef93-424d-953f-de272f893a68
Chongwen,China,39.896949,116.414961,649e159c-97ae-42af-adc6-1a3347d8f792
Taquarituba,Brazil,-23.4819846,-49.2435998,6df05dc3-7c91-45bf-a3c4-f239a8c4b2fb
Newport,Curacao,12.0557931,-68.8257889,8bb057e6-d3e3-4e69-bfb4-ad9b8c4d287e
Moreira de Geraz do Lima,Portugal,41.7130775,-8.687644,29ceb73e-2c43-47bb-913d-85327c7c3e77
Sawahrandu,Indonesia,-6.766187,106.7519376,63f52cd9-a5bf-4f0e-91e8-9e97c18ad507
Dolsk,Poland,51.9817834,17.0627666,97178756-3978-4927-bed6-6b24113a289b
Baoxing,China,30.368126,102.814531,537c5913-0ed8-48dc-8969-ba0385c6951e
Hŭngnam,North Korea,39.8554302,127.6752641,741f7513-17ec-474a-962e-9bf542ca3e4d
Yongheshi,China,36.759507,110.632006,e83e8414-db0f-44ea-87c7-0653d0c04ce5
Haizigou,China,34.606756,119.19371,bc838813-210f-49dd-b033-fab42084a5d5
Lisiy Nos,Russia,60.0128251,30.0046156,9f857a11-7b23-49c1-a458-6b546ae2fc6a
Tonggoh,Indonesia,-6.8132152,108.5919461,8ef3bdc5-1303-480e-b806-d845a7a13fd9
Cacequi,Brazil,-29.8801552,-54.8265622,57dfd802-b06f-4f39-9574-7a5471ff8f09
Gjinkar,Albania,41.0180957,20.2024299,6ff4fb5e-e4ec-4391-8333-08c51f1f80d5
Shengli,China,30.2979687,120.1561748,0b9e06b5-ad5d-4a27-bd69-3c43522d26d4
Veldhoven,Netherlands,51.4299433,5.4072542,efea829f-09d6-4db5-850d-27a07f0291cc
San Antonio,United States,29.5613789,-98.5612534,45daa3c9-b04c-4c10-a5ac-fb468f355a19
Władysławowo,Poland,54.79074,18.403,b1e71ddc-1cf1-4356-b74d-a34968ad3dbd
Oli,Indonesia,-6.3007596,106.8329412,a2f4af79-2ebd-4332-8b2b-ace9f6d34042
Brudzeń Duży,Poland,52.6683384,19.5041229,c1dd9183-e69d-4b37-957f-289e337ea8f3
Cikaso,Indonesia,-7.4,107.5,2c2b37b6-be9e-44ec-a1a3-dde93561af3c
Colonias Unidas,Argentina,-32.6480698,-61.2103496,11efc0ef-bfba-4a05-98c2-682960bc81fa
Hondo,Japan,35.3078775,136.6447089,4c2520ce-5a14-4536-b6e3-1e8d794de03d
Ciriri,Indonesia,-0.8808728,100.5858786,f90ba0ed-a545-44bc-bf0d-da34b35279a7
Heiiyugou,China,40.798124,120.5550729,5cc3cae8-33d9-4f84-999a-be9d3e7feb36
Miragaia,Portugal,39.2363803,-9.264704,4c6ef407-e115-4745-885e-a3de55b3db01
Ostuncalco,Guatemala,14.868392,-91.619388,f9f9f3f3-09b5-4e38-8360-e78da619ef20
Junín,Argentina,-32.9269882,-60.6935861,29995b9d-a8e1-4ea2-ae25-dd8d7a94a4c5
El Paraiso,Mexico,20.2019487,-87.4337425,78abc2be-c680-4989-90c5-7bac87469423
Qiryat Yam,Israel,32.849276,35.068929,931c8518-3e31-453f-978a-1e893d1ac431
Słońsk,Poland,52.5613047,14.8032523,2934154a-0ec3-4eea-85d4-922ea7f2be8c
Huertas,Peru,-11.7659957,-75.4723411,135b719e-ee10-4070-93fd-683f34f63e8e
Lüfeng,China,22.919228,115.652151,77a65047-a581-45af-b6c4-257a86883f58
Xiaocun,China,24.745135,100.824707,14d2dc09-461a-47d9-9fbe-b45bc35ecc39
Lolayan,Indonesia,0.6538277,124.2866091,95eb1d88-b933-4abd-aceb-42cee1e7ff56
Metallostroy,Russia,59.79769,30.5550816,9967babb-750b-4567-80a3-dbf8ef78dd42
Venezia,Italy,45.4292105,12.3679401,eed04873-d636-4d4a-9dc3-646a5747a423
Sceaux,France,46.614036,0.0494681,42c0ebd9-acd0-46e3-aef7-4f640def57e8
Sagua la Grande,Cuba,22.8037709,-80.0702555,824a7f0a-7be4-4b33-b196-4eea9bdcd835
Casal dos Bernardos,Portugal,39.7546452,-8.5234076,52736caf-397e-49b9-ad19-302c705253c8
Ridderkerk,Netherlands,51.8530202,4.6175276,77e8ef0e-16b4-44ab-a546-210050adaa43
Älvsjö,Sweden,59.2883751,18.0250491,e2488bb7-195c-4c75-bfd9-652585abe156
Iset’,Russia,56.975553,60.3645218,08736e99-7ed2-41bd-9784-04c759f1e891
Thoeng,Thailand,19.716697,100.226423,78a95e9b-2757-4473-9e66-b110516e2fe1
Golub-Dobrzyń,Poland,53.1137898,19.0552497,7c1f5f69-8ff7-4600-9b78-96e6c6a11bd6
Wolmaransstad,South Africa,-27.1799941,25.9586253,a2246dcd-1611-406f-8129-48745b4ad940
Seroa,Portugal,41.2606416,-8.4347858,39710291-4caf-40cc-b96a-b9844f599081
Langxi,China,31.126412,119.179656,0efd812e-3c5d-42b6-b0d8-7391d2a2c230
El Progreso,Honduras,15.3843415,-87.8058402,ec7fdb4f-0305-4d61-825f-ee1ac03ebede
Ettelbruck,Luxembourg,49.84727,6.1062222,bd197700-7e53-4975-a1bf-6eaf60f5a279
Kilifarevo,Bulgaria,42.9856238,25.6162991,3e85948a-693c-4a5a-a5a1-efadbaaad83d
Xiangride,China,36.089488,97.863214,5e5b550d-4e0b-43ef-a108-8d2445b031f5
Era,Indonesia,-6.226676,106.810463,f52bb22e-3641-4a26-898b-3d702cc06131
Bahui,China,40.934156,123.2064649,bd2a04f0-e544-4dfc-b59d-f379aa0847de
Campechuela,Cuba,20.2281486,-77.2807423,913fba1f-ba7c-48f6-8797-efdf06cf49fc
Mūsa Khel Bāzār,Pakistan,30.8614539,69.8196064,4156a63b-4c85-43f2-9cd2-c0613b60eb81
Somovo,Russia,55.7479383,37.7066623,685886c6-7c8d-4c48-bf37-0218ba603b6d
Bailu,China,30.2733296,120.1672735,1f26a47c-450f-4b97-ac93-602e253a84ef
Moutnice,Czech Republic,49.0492373,16.7374199,6dcece2d-29a1-4bd2-bb66-1a1832baf123
Blagoevgrad,Bulgaria,41.9662209,23.0756589,a686faf8-1a4b-480e-9aa6-fed5f788dafc
Komaki,Japan,37.6708024,138.9539609,fed7d8c7-6a67-4ada-b9e7-26e557077cb0
Las Parejas,Argentina,-34.5872079,-58.494505,d5b7d491-3ec0-43e1-8e1d-cf1574e02465
Kulaman,Philippines,7.1650433,124.8772813,e6132500-253a-40da-88d4-331d88fbe4e2
Dalheim,Luxembourg,49.540933,6.2596019,448bfb05-154f-45b6-8dcb-584cb4562f84
Biaoxi,China,28.002849,118.764957,932a2ecd-60d4-49c2-974f-5fe8015b6aa1
São Sebastião do Passé,Brazil,-12.5057978,-38.5270305,e8438da0-b0c8-4a97-b6dd-38779cdaf1ad
Xinshancun,China,29.471977,106.476211,730e40a0-d4c0-41a8-aa6e-f520562a9415
Přimda,Czech Republic,49.6748894,12.6736722,e5045572-a2c0-4188-9a04-c3548d0ac72c
Santa María de Ipire,Venezuela,8.4478637,-65.3807101,ad1c8cef-b713-4e83-837a-1ed18e69ed4f
San Francisco de Coray,Honduras,13.6602604,-87.5334038,4f91df6c-f92e-447c-a0a8-e25228e659c8
Shebunino,Russia,46.4354039,141.859272,6b62b936-ea5b-4827-b72a-ae92e3b49c1b
Gaurnadi,Bangladesh,22.9627499,90.1838976,5e5d3bb9-3ecb-48b1-9653-c8d37a377428
Bashtanka,Ukraine,47.4098736,32.4412263,e0c56231-bd14-4eda-9c2d-44c23e41a4f1
Inglewood,United States,33.9596334,-118.3286614,adf18998-51e1-4da8-a798-5e5249c229ae
Kumanovo,Macedonia,42.13896,21.7247643,29d04b97-69ed-42e8-b06b-a5dbe97bfb9d
Lajeosa,Portugal,40.3779093,-7.8440342,d6c27f44-1649-4f57-aff3-c1306e9fd9fa
Pittsburgh,United States,40.44,-79.9599999,257e15cd-fa76-4776-bb4f-3b8387afb5d0
Songlong,China,39.1971979,-84.4578361,f6e35d33-95b1-416e-9bb1-7929cf9df4dc
Bonanza,Nicaragua,14.0312016,-84.592955,8f26f434-8a3f-4078-a5e0-276835cf69c7
Kumla,Sweden,59.1232426,15.2632461,6b0f0ac7-05bf-4cd6-8db6-721fab82f542
Shijie,China,23.09964,113.8131,8d41c1b5-db4b-4319-8aa8-01501e62ceb1
Petite Anse,Haiti,19.6300952,-73.1554281,503a901d-bf5b-44fc-b80e-61f02ec030bb
Gumuk Tengah,Indonesia,-7.1072394,109.011884,2d2acf4d-11e3-4d8b-893a-bffab6dead9a
Poręba Spytkowska,Poland,49.902219,20.636949,809e27a7-505d-4df7-a0ee-e75eeb810d84
Houston,United States,29.8699072,-95.3298675,93dafae4-949c-4129-8046-58ff459f5d60
Viçosa,Brazil,-5.98978,-37.9466737,8771003b-97d9-4c89-9f52-16c0d0c15ff2
Cimanggu Wetan,Indonesia,-6.8128491,107.5087328,b98290d0-5a95-43c2-8b85-e586f548c113
Tebingtinggi,Indonesia,3.3262879,99.1566855,8fb2a703-dc3a-4a2d-9b0f-11dab1609722
Richmond,Jamaica,18.2544504,-76.8865085,6eba7272-3493-493e-98e9-52cdf640c417
Balading,Philippines,13.3881323,123.7090708,14b2ee5f-4c03-420f-8997-38a4c82253c2
Washington,United States,38.8987281,-77.0336768,ce906d13-8086-4888-bda6-47cab6315609
Al Judayrah,Palestinian Territory,31.85587,35.19706,9a804ebd-d24c-44d1-9f1b-08a14a7c1176
Nässjö,Sweden,57.7156319,14.8556925,4262c605-09c7-4315-b578-8b7deefdfa80
Guaduas,Colombia,5.067291,-74.595361,62cbdc4b-1c95-4ff8-b94c-52f8136f2411
Tibiri,Niger,13.5655838,7.0552218,182af477-6f7c-45f6-994f-68888acda35c
Cheban,China,21.5233008,109.8301973,9b3ee0d3-f388-42f0-a8c8-3e854a1272c2
Askim,Sweden,57.644628,11.9382097,5eb2693b-d4d8-48c7-b4cb-8aa4541b27de
